call_id,paper_id,condition,repeat,model,temperature,top_p,min_p,input_sha256,status,latency_seconds,timestamp,raw_response_path
EP-01,Garret2020,Condition A (Full),1,gemma-4-31b-it,0.35,0.9,0.1,ce4e52ef5ef4f2db4716c2b46866dbe23a46dd117d3c635f8a120b1a01424b1a,COMPLETED_CACHED,179.52,2026-08-24T17:10:25.664957+00:00,content/raw_responses/evidence_prior_202608/EP-01.json
EP-02,Garret2020,Condition A (Full),2,gemma-4-31b-it,0.35,0.9,0.1,ce4e52ef5ef4f2db4716c2b46866dbe23a46dd117d3c635f8a120b1a01424b1a,COMPLETED_SUCCESS,88.46,2026-08-24T17:10:25.667961+00:00,content/raw_responses/evidence_prior_202608/EP-02.json
EP-03,Garret2020,Condition A (Full),3,gemma-4-31b-it,0.35,0.9,0.1,ce4e52ef5ef4f2db4716c2b46866dbe23a46dd117d3c635f8a120b1a01424b1a,COMPLETED_SUCCESS,86.1,2026-08-24T17:11:54.134648+00:00,content/raw_responses/evidence_prior_202608/EP-03.json
EP-04,Garret2020,Condition B (Abstract),1,gemma-4-31b-it,0.35,0.9,0.1,2e1bdf3fb38aa8ef4f4587af8fc377a33d90da7d7cf6deb3305b29075c65a82a,COMPLETED_SUCCESS,93.55,2026-08-24T17:13:20.236564+00:00,content/raw_responses/evidence_prior_202608/EP-04.json
EP-05,Garret2020,Condition B (Abstract),2,gemma-4-31b-it,0.35,0.9,0.1,2e1bdf3fb38aa8ef4f4587af8fc377a33d90da7d7cf6deb3305b29075c65a82a,COMPLETED_SUCCESS,83.73,2026-08-24T17:14:53.785942+00:00,content/raw_responses/evidence_prior_202608/EP-05.json
EP-06,Garret2020,Condition B (Abstract),3,gemma-4-31b-it,0.35,0.9,0.1,2e1bdf3fb38aa8ef4f4587af8fc377a33d90da7d7cf6deb3305b29075c65a82a,COMPLETED_SUCCESS,84.6,2026-08-24T17:16:17.514028+00:00,content/raw_responses/evidence_prior_202608/EP-06.json
EP-07,Garret2020,Condition C (Masked),1,gemma-4-31b-it,0.35,0.9,0.1,b9f890345fd0a8ba331460a706086252546aeed6a7de4739854a57a9a3f57ba5,COMPLETED_SUCCESS,114.83,2026-08-24T17:17:42.113074+00:00,content/raw_responses/evidence_prior_202608/EP-07.json
EP-08,Garret2020,Condition C (Masked),2,gemma-4-31b-it,0.35,0.9,0.1,b9f890345fd0a8ba331460a706086252546aeed6a7de4739854a57a9a3f57ba5,COMPLETED_SUCCESS,85.25,2026-08-24T17:19:36.949262+00:00,content/raw_responses/evidence_prior_202608/EP-08.json
EP-09,Garret2020,Condition C (Masked),3,gemma-4-31b-it,0.35,0.9,0.1,b9f890345fd0a8ba331460a706086252546aeed6a7de4739854a57a9a3f57ba5,COMPLETED_SUCCESS,86.04,2026-08-24T17:21:02.203120+00:00,content/raw_responses/evidence_prior_202608/EP-09.json
EP-10,Attinger2017,Condition A (Full),1,gemma-4-31b-it,0.35,0.9,0.1,882c236a5f5df65b7f6e25b16340d182c1b948ff00cca919c7399fe4105a00ac,COMPLETED_SUCCESS,398.52,2026-08-24T17:22:28.248796+00:00,content/raw_responses/evidence_prior_202608/EP-10.json
EP-11,Attinger2017,Condition A (Full),2,gemma-4-31b-it,0.35,0.9,0.1,882c236a5f5df65b7f6e25b16340d182c1b948ff00cca919c7399fe4105a00ac,COMPLETED_SUCCESS,103.41,2026-08-24T17:29:06.776911+00:00,content/raw_responses/evidence_prior_202608/EP-11.json
EP-12,Attinger2017,Condition A (Full),3,gemma-4-31b-it,0.35,0.9,0.1,882c236a5f5df65b7f6e25b16340d182c1b948ff00cca919c7399fe4105a00ac,COMPLETED_SUCCESS,106.74,2026-08-24T17:30:50.191316+00:00,content/raw_responses/evidence_prior_202608/EP-12.json
EP-13,Attinger2017,Condition B (Abstract),1,gemma-4-31b-it,0.35,0.9,0.1,7b20f3d7db324e4593544598ce4328e8531e5241b713907a05e25d9030ce0279,COMPLETED_SUCCESS,87.26,2026-08-24T17:32:36.939581+00:00,content/raw_responses/evidence_prior_202608/EP-13.json
EP-14,Attinger2017,Condition B (Abstract),2,gemma-4-31b-it,0.35,0.9,0.1,7b20f3d7db324e4593544598ce4328e8531e5241b713907a05e25d9030ce0279,COMPLETED_SUCCESS,78.81,2026-08-24T17:34:04.202357+00:00,content/raw_responses/evidence_prior_202608/EP-14.json
EP-15,Attinger2017,Condition B (Abstract),3,gemma-4-31b-it,0.35,0.9,0.1,7b20f3d7db324e4593544598ce4328e8531e5241b713907a05e25d9030ce0279,COMPLETED_SUCCESS,82.51,2026-08-24T17:35:23.019009+00:00,content/raw_responses/evidence_prior_202608/EP-15.json
EP-16,Attinger2017,Condition C (Masked),1,gemma-4-31b-it,0.35,0.9,0.1,6ea2d9397038bafe725b3277d04e29f9dc76de3d334b5b5c5b58922c6885cec2,COMPLETED_SUCCESS,439.23,2026-08-24T17:36:45.531668+00:00,content/raw_responses/evidence_prior_202608/EP-16.json
EP-17,Attinger2017,Condition C (Masked),2,gemma-4-31b-it,0.35,0.9,0.1,6ea2d9397038bafe725b3277d04e29f9dc76de3d334b5b5c5b58922c6885cec2,COMPLETED_SUCCESS,112.63,2026-08-24T17:44:04.767738+00:00,content/raw_responses/evidence_prior_202608/EP-17.json
EP-18,Attinger2017,Condition C (Masked),3,gemma-4-31b-it,0.35,0.9,0.1,6ea2d9397038bafe725b3277d04e29f9dc76de3d334b5b5c5b58922c6885cec2,COMPLETED_SUCCESS,106.8,2026-08-24T17:45:57.400215+00:00,content/raw_responses/evidence_prior_202608/EP-18.json
EP-19,Keller2012,Condition A (Full),1,gemma-4-31b-it,0.35,0.9,0.1,c025228bf9ada0708d53de13344eec137ea7ca2e0f0d509634631f94f3fdebc1,COMPLETED_SUCCESS,233.19,2026-08-24T17:47:44.208273+00:00,content/raw_responses/evidence_prior_202608/EP-19.json
EP-20,Keller2012,Condition A (Full),2,gemma-4-31b-it,0.35,0.9,0.1,c025228bf9ada0708d53de13344eec137ea7ca2e0f0d509634631f94f3fdebc1,COMPLETED_SUCCESS,92.17,2026-08-24T17:51:37.405314+00:00,content/raw_responses/evidence_prior_202608/EP-20.json
EP-21,Keller2012,Condition A (Full),3,gemma-4-31b-it,0.35,0.9,0.1,c025228bf9ada0708d53de13344eec137ea7ca2e0f0d509634631f94f3fdebc1,COMPLETED_SUCCESS,92.37,2026-08-24T17:53:09.585312+00:00,content/raw_responses/evidence_prior_202608/EP-21.json
EP-22,Keller2012,Condition B (Abstract),1,gemma-4-31b-it,0.35,0.9,0.1,3e90eed196c08bbe77005db821a967baeb8ef3d4304aeeff107eb34d4488c0ba,COMPLETED_SUCCESS,86.31,2026-08-24T17:54:41.964783+00:00,content/raw_responses/evidence_prior_202608/EP-22.json
EP-23,Keller2012,Condition B (Abstract),2,gemma-4-31b-it,0.35,0.9,0.1,3e90eed196c08bbe77005db821a967baeb8ef3d4304aeeff107eb34d4488c0ba,COMPLETED_SUCCESS,78.96,2026-08-24T17:56:08.275111+00:00,content/raw_responses/evidence_prior_202608/EP-23.json
EP-24,Keller2012,Condition B (Abstract),3,gemma-4-31b-it,0.35,0.9,0.1,3e90eed196c08bbe77005db821a967baeb8ef3d4304aeeff107eb34d4488c0ba,COMPLETED_SUCCESS,81.32,2026-08-24T17:57:27.242008+00:00,content/raw_responses/evidence_prior_202608/EP-24.json
EP-25,Keller2012,Condition C (Masked),1,gemma-4-31b-it,0.35,0.9,0.1,5b5a95d55551fa53aabb9b301b1bb12f52223831bdf6461e5d75baf9e3c9b504,COMPLETED_SUCCESS,237.21,2026-08-24T17:58:48.571865+00:00,content/raw_responses/evidence_prior_202608/EP-25.json
EP-26,Keller2012,Condition C (Masked),2,gemma-4-31b-it,0.35,0.9,0.1,5b5a95d55551fa53aabb9b301b1bb12f52223831bdf6461e5d75baf9e3c9b504,COMPLETED_SUCCESS,89.42,2026-08-24T18:02:45.793551+00:00,content/raw_responses/evidence_prior_202608/EP-26.json
EP-27,Keller2012,Condition C (Masked),3,gemma-4-31b-it,0.35,0.9,0.1,5b5a95d55551fa53aabb9b301b1bb12f52223831bdf6461e5d75baf9e3c9b504,COMPLETED_SUCCESS,90.45,2026-08-24T18:04:15.218624+00:00,content/raw_responses/evidence_prior_202608/EP-27.json
EP-28,Furutachi2024,Condition A (Full),1,gemma-4-31b-it,0.35,0.9,0.1,73211329b15cd528b8ed67a092e60c37a94050d0a8d9c0e76eded9178c110fa4,COMPLETED_SUCCESS,315.07,2026-08-24T18:05:45.676365+00:00,content/raw_responses/evidence_prior_202608/EP-28.json
EP-29,Furutachi2024,Condition A (Full),2,gemma-4-31b-it,0.35,0.9,0.1,73211329b15cd528b8ed67a092e60c37a94050d0a8d9c0e76eded9178c110fa4,COMPLETED_SUCCESS,98.99,2026-08-24T18:11:00.753637+00:00,content/raw_responses/evidence_prior_202608/EP-29.json
EP-30,Furutachi2024,Condition A (Full),3,gemma-4-31b-it,0.35,0.9,0.1,73211329b15cd528b8ed67a092e60c37a94050d0a8d9c0e76eded9178c110fa4,COMPLETED_SUCCESS,99.65,2026-08-24T18:12:39.750688+00:00,content/raw_responses/evidence_prior_202608/EP-30.json
EP-31,Furutachi2024,Condition B (Abstract),1,gemma-4-31b-it,0.35,0.9,0.1,1b76dc1d5960bc9381babda4d3682c5150aef6fdd2669492c1d63ffbd58c89d0,COMPLETED_SUCCESS,93.17,2026-08-24T18:14:19.404444+00:00,content/raw_responses/evidence_prior_202608/EP-31.json
EP-32,Furutachi2024,Condition B (Abstract),2,gemma-4-31b-it,0.35,0.9,0.1,1b76dc1d5960bc9381babda4d3682c5150aef6fdd2669492c1d63ffbd58c89d0,COMPLETED_SUCCESS,81.39,2026-08-24T18:15:52.579721+00:00,content/raw_responses/evidence_prior_202608/EP-32.json
EP-33,Furutachi2024,Condition B (Abstract),3,gemma-4-31b-it,0.35,0.9,0.1,1b76dc1d5960bc9381babda4d3682c5150aef6fdd2669492c1d63ffbd58c89d0,COMPLETED_SUCCESS,83.83,2026-08-24T18:17:13.973656+00:00,content/raw_responses/evidence_prior_202608/EP-33.json
EP-34,Furutachi2024,Condition C (Masked),1,gemma-4-31b-it,0.35,0.9,0.1,06e4583ebfae74170fcc1d9119e2f4a2558c09fe141c5da32bd5a95f7904d8eb,COMPLETED_SUCCESS,328.97,2026-08-24T18:18:37.808256+00:00,content/raw_responses/evidence_prior_202608/EP-34.json
EP-35,Furutachi2024,Condition C (Masked),2,gemma-4-31b-it,0.35,0.9,0.1,06e4583ebfae74170fcc1d9119e2f4a2558c09fe141c5da32bd5a95f7904d8eb,COMPLETED_SUCCESS,101.04,2026-08-24T18:24:06.782435+00:00,content/raw_responses/evidence_prior_202608/EP-35.json
EP-36,Furutachi2024,Condition C (Masked),3,gemma-4-31b-it,0.35,0.9,0.1,06e4583ebfae74170fcc1d9119e2f4a2558c09fe141c5da32bd5a95f7904d8eb,COMPLETED_SUCCESS,102.88,2026-08-24T18:25:47.828032+00:00,content/raw_responses/evidence_prior_202608/EP-36.json
EP-37,Chao2018,Condition A (Full),1,gemma-4-31b-it,0.35,0.9,0.1,6784a9a646fc81d437c21938a819e96280abbcfcd73e5b1fdec7b793f3035eac,COMPLETED_SUCCESS,287.4,2026-08-24T18:27:30.715129+00:00,content/raw_responses/evidence_prior_202608/EP-37.json
EP-38,Chao2018,Condition A (Full),2,gemma-4-31b-it,0.35,0.9,0.1,6784a9a646fc81d437c21938a819e96280abbcfcd73e5b1fdec7b793f3035eac,COMPLETED_SUCCESS,97.01,2026-08-24T18:32:18.130063+00:00,content/raw_responses/evidence_prior_202608/EP-38.json
EP-39,Chao2018,Condition A (Full),3,gemma-4-31b-it,0.35,0.9,0.1,6784a9a646fc81d437c21938a819e96280abbcfcd73e5b1fdec7b793f3035eac,COMPLETED_SUCCESS,97.64,2026-08-24T18:33:55.154586+00:00,content/raw_responses/evidence_prior_202608/EP-39.json
EP-40,Chao2018,Condition B (Abstract),1,gemma-4-31b-it,0.35,0.9,0.1,070c7457a5c45bbe9b49140951461930bd19c89699c0beaab6ea17cfb4f519b9,COMPLETED_SUCCESS,84.16,2026-08-24T18:35:32.804255+00:00,content/raw_responses/evidence_prior_202608/EP-40.json
EP-41,Chao2018,Condition B (Abstract),2,gemma-4-31b-it,0.35,0.9,0.1,070c7457a5c45bbe9b49140951461930bd19c89699c0beaab6ea17cfb4f519b9,COMPLETED_SUCCESS,81.44,2026-08-24T18:36:56.969713+00:00,content/raw_responses/evidence_prior_202608/EP-41.json
EP-42,Chao2018,Condition B (Abstract),3,gemma-4-31b-it,0.35,0.9,0.1,070c7457a5c45bbe9b49140951461930bd19c89699c0beaab6ea17cfb4f519b9,COMPLETED_SUCCESS,81.37,2026-08-24T18:38:18.421751+00:00,content/raw_responses/evidence_prior_202608/EP-42.json
EP-43,Chao2018,Condition C (Masked),1,gemma-4-31b-it,0.35,0.9,0.1,ac20514b8b7c514589c3eb910ca031260860faeb92dde4dc139de5fa1c774eea,COMPLETED_SUCCESS,289.11,2026-08-24T18:39:39.804796+00:00,content/raw_responses/evidence_prior_202608/EP-43.json
EP-44,Chao2018,Condition C (Masked),2,gemma-4-31b-it,0.35,0.9,0.1,ac20514b8b7c514589c3eb910ca031260860faeb92dde4dc139de5fa1c774eea,COMPLETED_SUCCESS,101.71,2026-08-24T18:44:28.925591+00:00,content/raw_responses/evidence_prior_202608/EP-44.json
EP-45,Chao2018,Condition C (Masked),3,gemma-4-31b-it,0.35,0.9,0.1,ac20514b8b7c514589c3eb910ca031260860faeb92dde4dc139de5fa1c774eea,COMPLETED_SUCCESS,101.4,2026-08-24T18:46:10.641740+00:00,content/raw_responses/evidence_prior_202608/EP-45.json
EP-46,Bastos2020,Condition A (Full),1,gemma-4-31b-it,0.35,0.9,0.1,6770829da1400735e64ddfb44bcd51fa0c88bdb359430811a857ac68f4d629f2,COMPLETED_SUCCESS,441.13,2026-08-24T18:47:52.053140+00:00,content/raw_responses/evidence_prior_202608/EP-46.json
EP-47,Bastos2020,Condition A (Full),2,gemma-4-31b-it,0.35,0.9,0.1,6770829da1400735e64ddfb44bcd51fa0c88bdb359430811a857ac68f4d629f2,COMPLETED_SUCCESS,112.52,2026-08-24T18:55:13.197680+00:00,content/raw_responses/evidence_prior_202608/EP-47.json
EP-48,Bastos2020,Condition A (Full),3,gemma-4-31b-it,0.35,0.9,0.1,6770829da1400735e64ddfb44bcd51fa0c88bdb359430811a857ac68f4d629f2,COMPLETED_SUCCESS,113.26,2026-08-24T18:57:05.736115+00:00,content/raw_responses/evidence_prior_202608/EP-48.json
EP-49,Bastos2020,Condition B (Abstract),1,gemma-4-31b-it,0.35,0.9,0.1,fcdcfb20c1cf44ffd1e655d04406f747d040687b83231509146c26601e4ec100,COMPLETED_SUCCESS,92.12,2026-08-24T18:58:59.004848+00:00,content/raw_responses/evidence_prior_202608/EP-49.json
EP-50,Bastos2020,Condition B (Abstract),2,gemma-4-31b-it,0.35,0.9,0.1,fcdcfb20c1cf44ffd1e655d04406f747d040687b83231509146c26601e4ec100,COMPLETED_SUCCESS,81.66,2026-08-24T19:00:31.136242+00:00,content/raw_responses/evidence_prior_202608/EP-50.json
EP-51,Bastos2020,Condition B (Abstract),3,gemma-4-31b-it,0.35,0.9,0.1,fcdcfb20c1cf44ffd1e655d04406f747d040687b83231509146c26601e4ec100,COMPLETED_SUCCESS,80.45,2026-08-24T19:01:52.812095+00:00,content/raw_responses/evidence_prior_202608/EP-51.json
EP-52,Bastos2020,Condition C (Masked),1,gemma-4-31b-it,0.35,0.9,0.1,f6a5ae615a0fca92567056657215ec5c7286ee81e691002e586605b6b28a6de5,COMPLETED_SUCCESS,437.87,2026-08-24T19:03:13.281654+00:00,content/raw_responses/evidence_prior_202608/EP-52.json
EP-53,Bastos2020,Condition C (Masked),2,gemma-4-31b-it,0.35,0.9,0.1,f6a5ae615a0fca92567056657215ec5c7286ee81e691002e586605b6b28a6de5,COMPLETED_SUCCESS,113.22,2026-08-24T19:10:31.172417+00:00,content/raw_responses/evidence_prior_202608/EP-53.json
EP-54,Bastos2020,Condition C (Masked),3,gemma-4-31b-it,0.35,0.9,0.1,f6a5ae615a0fca92567056657215ec5c7286ee81e691002e586605b6b28a6de5,COMPLETED_SUCCESS,115.39,2026-08-24T19:12:24.405373+00:00,content/raw_responses/evidence_prior_202608/EP-54.json
