call_id,paper_id,condition,repeat,scientific_model,served_model_id,temperature,top_p,min_p,input_file,input_sha256,latency_seconds,parse_status,parser_method,status,raw_file,timestamp
NOFIG__Attinger2017__gemma-4-31b-it__T000__R01,Attinger2017,NO_FIGURE_TEXT,1,gemma-4-31b-it,gemma-4-31b-it,0.0,0.9,0.1,content/202608_temp/nofigure_inputs/Attinger2017__NO_FIGURE.md,e73dc93a2151e6b3b795a77ea250200539d59c2f4032e78cf907cbbe7577533e,555.7678830623627,valid,strict_json,COMPLETED,content/raw_responses/figure_text_ablation_202608/NOFIG__Attinger2017__gemma-4-31b-it__T000__R01.json,2026-08-26T17:09:25.846715+00:00
NOFIG__Bakhtiari2021__gemma-4-31b-it__T000__R01,Bakhtiari2021,NO_FIGURE_TEXT,1,gemma-4-31b-it,gemma-4-31b-it,0.0,0.9,0.1,content/202608_temp/nofigure_inputs/Bakhtiari2021__NO_FIGURE.md,fc398ee14ac3dac3e20ca38fdb10120a097fda560ee35e925c566b62e2c82e7d,299.28174209594727,valid,strict_json,COMPLETED,content/raw_responses/figure_text_ablation_202608/NOFIG__Bakhtiari2021__gemma-4-31b-it__T000__R01.json,2026-08-26T17:14:25.138969+00:00
NOFIG__Bastos2012__gemma-4-31b-it__T000__R01,Bastos2012,NO_FIGURE_TEXT,1,gemma-4-31b-it,gemma-4-31b-it,0.0,0.9,0.1,content/202608_temp/nofigure_inputs/Bastos2012__NO_FIGURE.md,4a1048f537c1710b21175cb4fc9b9e11a5b88e30731b0cf9b191325a7310866e,488.4839050769806,valid,strict_json,COMPLETED,content/raw_responses/figure_text_ablation_202608/NOFIG__Bastos2012__gemma-4-31b-it__T000__R01.json,2026-08-26T17:22:33.628224+00:00
NOFIG__Bastos2020__gemma-4-31b-it__T000__R01,Bastos2020,NO_FIGURE_TEXT,1,gemma-4-31b-it,gemma-4-31b-it,0.0,0.9,0.1,content/202608_temp/nofigure_inputs/Bastos2020__NO_FIGURE.md,81c23e0ca03a9dfca375be26b4b8a79049da00ee8b0e8331d8dd25c937212aed,176.58722162246704,valid,strict_json,COMPLETED,content/raw_responses/figure_text_ablation_202608/NOFIG__Bastos2020__gemma-4-31b-it__T000__R01.json,2026-08-26T17:35:42.826731+00:00
NOFIG__Bekinschtein2009__gemma-4-31b-it__T000__R01,Bekinschtein2009,NO_FIGURE_TEXT,1,gemma-4-31b-it,gemma-4-31b-it,0.0,0.9,0.1,content/202608_temp/nofigure_inputs/Bekinschtein2009__NO_FIGURE.md,8faffed15b7a7f69d464540c8108e61c5b5cf3d52ddc9c6d04484420991f8ead,382.88972997665405,valid,strict_json,COMPLETED,content/raw_responses/figure_text_ablation_202608/NOFIG__Bekinschtein2009__gemma-4-31b-it__T000__R01.json,2026-08-26T17:42:05.740321+00:00
NOFIG__Chao2018__gemma-4-31b-it__T000__R01,Chao2018,NO_FIGURE_TEXT,1,gemma-4-31b-it,gemma-4-31b-it,0.0,0.9,0.1,content/202608_temp/nofigure_inputs/Chao2018__NO_FIGURE.md,aea51050b972b476fc93a107bbbe1a8bc30909527f9c8b2566b027ca40feb3ae,660.7339069843292,valid,strict_json,COMPLETED,content/raw_responses/figure_text_ablation_202608/NOFIG__Chao2018__gemma-4-31b-it__T000__R01.json,2026-08-26T17:53:06.481533+00:00
NOFIG__Friston2010__gemma-4-31b-it__T000__R01,Friston2010,NO_FIGURE_TEXT,1,gemma-4-31b-it,gemma-4-31b-it,0.0,0.9,0.1,content/202608_temp/nofigure_inputs/Friston2010__NO_FIGURE.md,f635ffa5068bbe3e9d896cf93a42d2182cbff1a54161a7dabcc545b9d384bd4b,722.678869009018,valid,strict_json,COMPLETED,content/raw_responses/figure_text_ablation_202608/NOFIG__Friston2010__gemma-4-31b-it__T000__R01.json,2026-08-26T18:05:09.170636+00:00
NOFIG__Furutachi2024__gemma-4-31b-it__T000__R01,Furutachi2024,NO_FIGURE_TEXT,1,gemma-4-31b-it,gemma-4-31b-it,0.0,0.9,0.1,content/202608_temp/nofigure_inputs/Furutachi2024__NO_FIGURE.md,379ef7a80e5d4bc97c1f82a1d08d8471e0a38d0875e65f357b84975f8eeeb738,1661.0088801383972,valid,cleaned_json,COMPLETED,content/raw_responses/figure_text_ablation_202608/NOFIG__Furutachi2024__gemma-4-31b-it__T000__R01.json,2026-08-26T18:32:50.198827+00:00
NOFIG__Garret2020__gemma-4-31b-it__T000__R01,Garret2020,NO_FIGURE_TEXT,1,gemma-4-31b-it,gemma-4-31b-it,0.0,0.9,0.1,content/202608_temp/nofigure_inputs/Garret2020__NO_FIGURE.md,b04b6d86c36bdcaa3be711c2a09c660eba9384eb9ac53e36c99a08cbf01792ab,765.1230659484863,valid,strict_json,COMPLETED,content/raw_responses/figure_text_ablation_202608/NOFIG__Garret2020__gemma-4-31b-it__T000__R01.json,2026-08-26T18:45:35.349974+00:00
NOFIG__Greedy2022__gemma-4-31b-it__T000__R01,Greedy2022,NO_FIGURE_TEXT,1,gemma-4-31b-it,gemma-4-31b-it,0.0,0.9,0.1,content/202608_temp/nofigure_inputs/Greedy2022__NO_FIGURE.md,358067c36c46895656e7fa076ce16236554c355b44738b5d19b08a656c56612c,437.7912278175354,valid,strict_json,COMPLETED,content/raw_responses/figure_text_ablation_202608/NOFIG__Greedy2022__gemma-4-31b-it__T000__R01.json,2026-08-26T18:52:53.155938+00:00
NOFIG__Hertag2020__gemma-4-31b-it__T000__R01,Hertag2020,NO_FIGURE_TEXT,1,gemma-4-31b-it,gemma-4-31b-it,0.0,0.9,0.1,content/202608_temp/nofigure_inputs/Hertag2020__NO_FIGURE.md,e646d0984ab85c18116dcbff0c9a35f70ca3c669b87cdfbb80c41f5f08a711a9,595.5971329212189,valid,strict_json,COMPLETED,content/raw_responses/figure_text_ablation_202608/NOFIG__Hertag2020__gemma-4-31b-it__T000__R01.json,2026-08-26T19:02:48.763112+00:00
NOFIG__Jiang&Rao2024__gemma-4-31b-it__T000__R01,Jiang&Rao2024,NO_FIGURE_TEXT,1,gemma-4-31b-it,gemma-4-31b-it,0.0,0.9,0.1,content/202608_temp/nofigure_inputs/Jiang&Rao2024__NO_FIGURE.md,e5691dd056780684c9d260e11eeaa64cee3c1c2595b57bc9118e222e8147d093,596.4867117404938,valid,strict_json,COMPLETED,content/raw_responses/figure_text_ablation_202608/NOFIG__Jiang&Rao2024__gemma-4-31b-it__T000__R01.json,2026-08-26T19:12:45.267463+00:00
NOFIG__Keller2012__gemma-4-31b-it__T000__R01,Keller2012,NO_FIGURE_TEXT,1,gemma-4-31b-it,gemma-4-31b-it,0.0,0.9,0.1,content/202608_temp/nofigure_inputs/Keller2012__NO_FIGURE.md,06739281c666d8bbf30427027d35a49e3002e7240355f3b6f981ba03431256fb,346.32662892341614,valid,strict_json,COMPLETED,content/raw_responses/figure_text_ablation_202608/NOFIG__Keller2012__gemma-4-31b-it__T000__R01.json,2026-08-26T19:18:31.622700+00:00
NOFIG__Keller2018__gemma-4-31b-it__T000__R01,Keller2018,NO_FIGURE_TEXT,1,gemma-4-31b-it,gemma-4-31b-it,0.0,0.9,0.1,content/202608_temp/nofigure_inputs/Keller2018__NO_FIGURE.md,5372ab03495fae3f7562479b48437e545420c21d1f780bba7bf9faddc9a073fa,353.6417739391327,valid,strict_json,COMPLETED,content/raw_responses/figure_text_ablation_202608/NOFIG__Keller2018__gemma-4-31b-it__T000__R01.json,2026-08-26T19:24:25.273829+00:00
NOFIG__Kiebel2008__gemma-4-31b-it__T000__R01,Kiebel2008,NO_FIGURE_TEXT,1,gemma-4-31b-it,gemma-4-31b-it,0.0,0.9,0.1,content/202608_temp/nofigure_inputs/Kiebel2008__NO_FIGURE.md,b3a0b0f39b01c1d132acb608258071843376660d2230d73d8790e0305b18845c,379.29542994499207,recovered,extracted_json_block,COMPLETED,content/raw_responses/figure_text_ablation_202608/NOFIG__Kiebel2008__gemma-4-31b-it__T000__R01.json,2026-08-26T19:30:44.584020+00:00
NOFIG__LaoRodriguez2023__gemma-4-31b-it__T000__R01,LaoRodriguez2023,NO_FIGURE_TEXT,1,gemma-4-31b-it,gemma-4-31b-it,0.0,0.9,0.1,content/202608_temp/nofigure_inputs/LaoRodriguez2023__NO_FIGURE.md,dee17890a6f1fd8ffe97bad9f8506cb03a990942c470c934f2b157913a1c7bbc,642.2539458274841,valid,strict_json,COMPLETED,content/raw_responses/figure_text_ablation_202608/NOFIG__LaoRodriguez2023__gemma-4-31b-it__T000__R01.json,2026-08-26T19:41:26.850076+00:00
NOFIG__LeeMejias2025__gemma-4-31b-it__T000__R01,LeeMejias2025,NO_FIGURE_TEXT,1,gemma-4-31b-it,gemma-4-31b-it,0.0,0.9,0.1,content/202608_temp/nofigure_inputs/LeeMejias2025__NO_FIGURE.md,87f32609edf1ef35bcfccc3641b266f2498aafa6d707d41f765804a8bdf9b3ad,520.4428880214691,valid,strict_json,COMPLETED,content/raw_responses/figure_text_ablation_202608/NOFIG__LeeMejias2025__gemma-4-31b-it__T000__R01.json,2026-08-26T19:50:07.305059+00:00
NOFIG__Mikulasch2023__gemma-4-31b-it__T000__R01,Mikulasch2023,NO_FIGURE_TEXT,1,gemma-4-31b-it,gemma-4-31b-it,0.0,0.9,0.1,content/202608_temp/nofigure_inputs/Mikulasch2023__NO_FIGURE.md,bb2c3c05d22926c74e843cd9ac3a4053e0af064915acee0ba8643e1d235c8ab5,323.2572820186615,valid,strict_json,COMPLETED,content/raw_responses/figure_text_ablation_202608/NOFIG__Mikulasch2023__gemma-4-31b-it__T000__R01.json,2026-08-26T19:55:30.577345+00:00
NOFIG__Nejad2025__gemma-4-31b-it__T000__R01,Nejad2025,NO_FIGURE_TEXT,1,gemma-4-31b-it,gemma-4-31b-it,0.0,0.9,0.1,content/202608_temp/nofigure_inputs/Nejad2025__NO_FIGURE.md,2839b00a737b1043ed987b177eebce9a42a15bf624cd9a95d91d124a1c4e70b3,660.5599002838135,valid,strict_json,COMPLETED,content/raw_responses/figure_text_ablation_202608/NOFIG__Nejad2025__gemma-4-31b-it__T000__R01.json,2026-08-26T20:06:31.151140+00:00
NOFIG__Payeur2021__gemma-4-31b-it__T000__R01,Payeur2021,NO_FIGURE_TEXT,1,gemma-4-31b-it,gemma-4-31b-it,0.0,0.9,0.1,content/202608_temp/nofigure_inputs/Payeur2021__NO_FIGURE.md,97c6660e290ae740c189a859583aae6e6a9f7845908a8c6a91c0444897acfd25,690.0793180465698,valid,strict_json,COMPLETED,content/raw_responses/figure_text_ablation_202608/NOFIG__Payeur2021__gemma-4-31b-it__T000__R01.json,2026-08-26T20:18:01.241555+00:00
NOFIG__Rao&Ballard1999__gemma-4-31b-it__T000__R01,Rao&Ballard1999,NO_FIGURE_TEXT,1,gemma-4-31b-it,gemma-4-31b-it,0.0,0.9,0.1,content/202608_temp/nofigure_inputs/Rao&Ballard1999__NO_FIGURE.md,8699f3538566023e8d944979e009448b64e66fe14d47d8153d03f77d664378bf,431.12226390838623,valid,strict_json,COMPLETED,content/raw_responses/figure_text_ablation_202608/NOFIG__Rao&Ballard1999__gemma-4-31b-it__T000__R01.json,2026-08-26T20:25:12.380988+00:00
NOFIG__Rao2024__gemma-4-31b-it__T000__R01,Rao2024,NO_FIGURE_TEXT,1,gemma-4-31b-it,gemma-4-31b-it,0.0,0.9,0.1,content/202608_temp/nofigure_inputs/Rao2024__NO_FIGURE.md,78e28bc7319108b57fd21bdedb72560f6d8d4cd1600a74ba896952370f66f485,634.6648921966553,valid,strict_json,COMPLETED,content/raw_responses/figure_text_ablation_202608/NOFIG__Rao2024__gemma-4-31b-it__T000__R01.json,2026-08-26T22:35:33.621542+00:00
NOFIG__Sacramento2018__gemma-4-31b-it__T000__R01,Sacramento2018,NO_FIGURE_TEXT,1,gemma-4-31b-it,gemma-4-31b-it,0.0,0.9,0.1,content/202608_temp/nofigure_inputs/Sacramento2018__NO_FIGURE.md,b91fc0f13ef71047dc59c485c70b21ecc8406c3daa25a37bb5d35d16d36281ab,265.85104513168335,valid,strict_json,COMPLETED,content/raw_responses/figure_text_ablation_202608/NOFIG__Sacramento2018__gemma-4-31b-it__T000__R01.json,2026-08-26T22:39:59.496991+00:00
NOFIG__Spratling2008__gemma-4-31b-it__T000__R01,Spratling2008,NO_FIGURE_TEXT,1,gemma-4-31b-it,gemma-4-31b-it,0.0,0.9,0.1,content/202608_temp/nofigure_inputs/Spratling2008__NO_FIGURE.md,dbd8ce320bd8963bf98380894ed49eaa09e553a46e9333ceec86201a8793ba79,736.9256660938263,valid,strict_json,COMPLETED,content/raw_responses/figure_text_ablation_202608/NOFIG__Spratling2008__gemma-4-31b-it__T000__R01.json,2026-08-26T23:01:58.633854+00:00
NOFIG__Spratling2010__gemma-4-31b-it__T000__R01,Spratling2010,NO_FIGURE_TEXT,1,gemma-4-31b-it,gemma-4-31b-it,0.0,0.9,0.1,content/202608_temp/nofigure_inputs/Spratling2010__NO_FIGURE.md,89009e956273b8fc22404ee95b9ebd168489f08324d462916ab084f8e51a582c,1127.9106080532074,valid,cleaned_json,COMPLETED,content/raw_responses/figure_text_ablation_202608/NOFIG__Spratling2010__gemma-4-31b-it__T000__R01.json,2026-08-26T23:20:46.583435+00:00
NOFIG__Srinivasan1982__gemma-4-31b-it__T000__R01,Srinivasan1982,NO_FIGURE_TEXT,1,gemma-4-31b-it,gemma-4-31b-it,0.0,0.9,0.1,content/202608_temp/nofigure_inputs/Srinivasan1982__NO_FIGURE.md,156e40f958cb62a41fa9141831a392c4f72e07c60daa232f197e1540c64a1b76,573.2700099945068,valid,strict_json,COMPLETED,content/raw_responses/figure_text_ablation_202608/NOFIG__Srinivasan1982__gemma-4-31b-it__T000__R01.json,2026-08-26T23:30:20.006618+00:00
NOFIG__VanDerveer2021__gemma-4-31b-it__T000__R01,VanDerveer2021,NO_FIGURE_TEXT,1,gemma-4-31b-it,gemma-4-31b-it,0.0,0.9,0.1,content/202608_temp/nofigure_inputs/VanDerveer2021__NO_FIGURE.md,d5d3a4133bfb582266f00a63bf55ae2365e7a3abd2124b4c531a00e18ff575ed,444.37787222862244,valid,strict_json,COMPLETED,content/raw_responses/figure_text_ablation_202608/NOFIG__VanDerveer2021__gemma-4-31b-it__T000__R01.json,2026-08-26T23:37:44.566618+00:00
NOFIG__Wacongne2011__gemma-4-31b-it__T000__R01,Wacongne2011,NO_FIGURE_TEXT,1,gemma-4-31b-it,gemma-4-31b-it,0.0,0.9,0.1,content/202608_temp/nofigure_inputs/Wacongne2011__NO_FIGURE.md,38d2f116d293d8dccf5ae4afa726e9af8a5d5f55a5b30f12d4b0f2202086c317,431.8931121826172,valid,strict_json,COMPLETED,content/raw_responses/figure_text_ablation_202608/NOFIG__Wacongne2011__gemma-4-31b-it__T000__R01.json,2026-08-26T23:44:56.658328+00:00
NOFIG__Wacongne2012__gemma-4-31b-it__T000__R01,Wacongne2012,NO_FIGURE_TEXT,1,gemma-4-31b-it,gemma-4-31b-it,0.0,0.9,0.1,content/202608_temp/nofigure_inputs/Wacongne2012__NO_FIGURE.md,42ede3907161405c3d831cebce29abdb01711a25766e3190612303503c08a15e,943.1412260532379,valid,cleaned_json,COMPLETED,content/raw_responses/figure_text_ablation_202608/NOFIG__Wacongne2012__gemma-4-31b-it__T000__R01.json,2026-08-27T00:00:40.042189+00:00
NOFIG__Westerberg&Xiong2025__gemma-4-31b-it__T000__R01,Westerberg&Xiong2025,NO_FIGURE_TEXT,1,gemma-4-31b-it,gemma-4-31b-it,0.0,0.9,0.1,content/202608_temp/nofigure_inputs/Westerberg&Xiong2025__NO_FIGURE.md,76eec89a5c5cb025d4ed4a581ac181c8cc18632b035711d4abe3c157bc336b9f,461.3456480503082,valid,strict_json,COMPLETED,content/raw_responses/figure_text_ablation_202608/NOFIG__Westerberg&Xiong2025__gemma-4-31b-it__T000__R01.json,2026-08-27T00:08:21.870013+00:00
NOFIG__Yamins2014__gemma-4-31b-it__T000__R01,Yamins2014,NO_FIGURE_TEXT,1,gemma-4-31b-it,gemma-4-31b-it,0.0,0.9,0.1,content/202608_temp/nofigure_inputs/Yamins2014__NO_FIGURE.md,8802a6df9761ac01abc967dc55a6356231ec7e5a778d4e406bd2cd1a9b691da6,421.2224509716034,valid,strict_json,COMPLETED,content/raw_responses/figure_text_ablation_202608/NOFIG__Yamins2014__gemma-4-31b-it__T000__R01.json,2026-08-27T00:15:23.371947+00:00
