paper_id,full_source_path,nofigure_input_path,full_input_sha256,nofigure_input_sha256,full_characters,nofigure_characters,characters_removed,figure_blocks_removed,captions_preserved,ordinary_prose_preserved,baseline_model,baseline_temperature,baseline_repeat,baseline_score_record
Attinger2017,content/markdowns/Attinger2017-vllm-deepread.md,content/202608_temp/nofigure_inputs/Attinger2017__NO_FIGURE.md,ecd64b4ac4862252d1622580665c47feaa78556d2a7b41a9bdb438e4b5b7ec05,e73dc93a2151e6b3b795a77ea250200539d59c2f4032e78cf907cbbe7577533e,103753,102431,1322,8,YES,YES,gemma-4-31b-it,0.0,1,scores_31x3x3x3_primary.csv
Bakhtiari2021,content/markdowns/Bakhtiari2021-vllm-deepread.md,content/202608_temp/nofigure_inputs/Bakhtiari2021__NO_FIGURE.md,616cdbd67a5659c1923219963c56308506d6ab356a1ac915dcfd13d1adfcba9d,fc398ee14ac3dac3e20ca38fdb10120a097fda560ee35e925c566b62e2c82e7d,59787,59424,363,5,YES,YES,gemma-4-31b-it,0.0,1,scores_31x3x3x3_primary.csv
Bastos2012,content/markdowns/Bastos2012-vllm-deepread.md,content/202608_temp/nofigure_inputs/Bastos2012__NO_FIGURE.md,6bf4bee0bd749b139a8bb179aa198b09eed21da0915ceff19b917d6becbcde1b,4a1048f537c1710b21175cb4fc9b9e11a5b88e30731b0cf9b191325a7310866e,106572,105256,1316,8,YES,YES,gemma-4-31b-it,0.0,1,scores_31x3x3x3_primary.csv
Bastos2020,content/markdowns/Bastos2020-vllm-deepread.md,content/202608_temp/nofigure_inputs/Bastos2020__NO_FIGURE.md,babaa48a487f423a26610967e180be29d11c0d5828f7f07aeff314d6f53dacb0,81c23e0ca03a9dfca375be26b4b8a79049da00ee8b0e8331d8dd25c937212aed,157200,152844,4356,22,YES,YES,gemma-4-31b-it,0.0,1,scores_31x3x3x3_primary.csv
Bekinschtein2009,content/markdowns/Bekinschtein2009-vllm-deepread.md,content/202608_temp/nofigure_inputs/Bekinschtein2009__NO_FIGURE.md,3ef9e983cad040968ede504c3b50dbea1abcf9992d59d602b43f24d96035485a,8faffed15b7a7f69d464540c8108e61c5b5cf3d52ddc9c6d04484420991f8ead,68161,67170,991,7,YES,YES,gemma-4-31b-it,0.0,1,scores_31x3x3x3_primary.csv
Chao2018,content/markdowns/Chao2018-vllm-deepread.md,content/202608_temp/nofigure_inputs/Chao2018__NO_FIGURE.md,415c8de3429f6235c74c00b8f556123a9bc4a6e60cab9856b58d1ab45d4c0d38,aea51050b972b476fc93a107bbbe1a8bc30909527f9c8b2566b027ca40feb3ae,149409,143057,6352,28,YES,YES,gemma-4-31b-it,0.0,1,scores_31x3x3x3_primary.csv
Friston2010,content/markdowns/Friston2010-vllm-deepread.md,content/202608_temp/nofigure_inputs/Friston2010__NO_FIGURE.md,48a33032d3217c8430e32736caa22c1eea234bbd738cf6b760e080d8a08a4d05,f635ffa5068bbe3e9d896cf93a42d2182cbff1a54161a7dabcc545b9d384bd4b,148724,146544,2180,18,YES,YES,gemma-4-31b-it,0.0,1,scores_31x3x3x3_primary.csv
Furutachi2024,content/markdowns/Furutachi2024-vllm-deepread.md,content/202608_temp/nofigure_inputs/Furutachi2024__NO_FIGURE.md,4dcf34b32251622a79133e7b478f3b7a9aeb793d3a3f27275e0e95f015211544,379ef7a80e5d4bc97c1f82a1d08d8471e0a38d0875e65f357b84975f8eeeb738,294781,285447,9334,43,YES,YES,gemma-4-31b-it,0.0,1,scores_31x3x3x3_primary.csv
Garret2020,content/markdowns/Garret2020-vllm-deepread.md,content/202608_temp/nofigure_inputs/Garret2020__NO_FIGURE.md,1f7e010d0d1954aacd6793f83c88dd0f3a313d58eb12ef28a9d76fe6dddfec78,b04b6d86c36bdcaa3be711c2a09c660eba9384eb9ac53e36c99a08cbf01792ab,166302,162071,4231,20,YES,YES,gemma-4-31b-it,0.0,1,scores_31x3x3x3_primary.csv
Greedy2022,content/markdowns/Greedy2022-vllm-deepread.md,content/202608_temp/nofigure_inputs/Greedy2022__NO_FIGURE.md,900bae62a8869b148b7c18adf2a94dfa6e1bcb4da1bdd1da3484d57a04384024,358067c36c46895656e7fa076ce16236554c355b44738b5d19b08a656c56612c,91971,90158,1813,12,YES,YES,gemma-4-31b-it,0.0,1,scores_31x3x3x3_primary.csv
Hertag2020,content/markdowns/Hertag2020-vllm-deepread.md,content/202608_temp/nofigure_inputs/Hertag2020__NO_FIGURE.md,cfe5b52a1d323ff0f384451856fd6803d596206ceaa03f4d27fc8e65992001ed,e646d0984ab85c18116dcbff0c9a35f70ca3c669b87cdfbb80c41f5f08a711a9,129967,123375,6592,13,YES,YES,gemma-4-31b-it,0.0,1,scores_31x3x3x3_primary.csv
Jiang&Rao2024,content/markdowns/Jiang&Rao2024-vllm-deepread.md,content/202608_temp/nofigure_inputs/Jiang&Rao2024__NO_FIGURE.md,27a0f3fb75019038a115ba6da16426e0fd31d89936ef96c044d5cbc3f963b00c,e5691dd056780684c9d260e11eeaa64cee3c1c2595b57bc9118e222e8147d093,129476,128200,1276,9,YES,YES,gemma-4-31b-it,0.0,1,scores_31x3x3x3_primary.csv
Keller2012,content/markdowns/Keller2012-vllm-deepread.md,content/202608_temp/nofigure_inputs/Keller2012__NO_FIGURE.md,b35d8e022eeaf0829856ed75fdcad2bef37cb4622e3e04ef089e7c58e4e6ce77,06739281c666d8bbf30427027d35a49e3002e7240355f3b6f981ba03431256fb,67981,66138,1843,10,YES,YES,gemma-4-31b-it,0.0,1,scores_31x3x3x3_primary.csv
Keller2018,content/markdowns/Keller2018-vllm-deepread.md,content/202608_temp/nofigure_inputs/Keller2018__NO_FIGURE.md,c5932c4e56999dd8eb7c28994fcd005e8d4e4dd2a2dcfb5bf79405c5c92ef3e7,5372ab03495fae3f7562479b48437e545420c21d1f780bba7bf9faddc9a073fa,66104,65799,305,1,YES,YES,gemma-4-31b-it,0.0,1,scores_31x3x3x3_primary.csv
Kiebel2008,content/markdowns/Kiebel2008-vllm-deepread.md,content/202608_temp/nofigure_inputs/Kiebel2008__NO_FIGURE.md,81668686cd20b783d27f002d599f2c6e274eb831be2dcf42f937c0e7ff31f185,b3a0b0f39b01c1d132acb608258071843376660d2230d73d8790e0305b18845c,81022,79861,1161,10,YES,YES,gemma-4-31b-it,0.0,1,scores_31x3x3x3_primary.csv
LaoRodriguez2023,content/markdowns/LaoRodriguez2023-vllm-deepread.md,content/202608_temp/nofigure_inputs/LaoRodriguez2023__NO_FIGURE.md,df2c94b426db2e92865ba6974f354d1665d9abd6f66755814b3de133d9fca95f,dee17890a6f1fd8ffe97bad9f8506cb03a990942c470c934f2b157913a1c7bbc,133557,132204,1353,10,YES,YES,gemma-4-31b-it,0.0,1,scores_31x3x3x3_primary.csv
LeeMejias2025,content/markdowns/LeeMejias2025-vllm-deepread.md,content/202608_temp/nofigure_inputs/LeeMejias2025__NO_FIGURE.md,9d0e4c8fc87a99b52c6cb29ee81bc97485e97acdc722ab68acd57230c5a05cbe,87f32609edf1ef35bcfccc3641b266f2498aafa6d707d41f765804a8bdf9b3ad,115149,114298,851,9,YES,YES,gemma-4-31b-it,0.0,1,scores_31x3x3x3_primary.csv
Mikulasch2023,content/markdowns/Mikulasch2023-vllm-deepread.md,content/202608_temp/nofigure_inputs/Mikulasch2023__NO_FIGURE.md,1f8295f3c1ca97570356c646bfad6eba2b60606b71b48cce4095131c64c65d5e,bb2c3c05d22926c74e843cd9ac3a4053e0af064915acee0ba8643e1d235c8ab5,67457,66194,1263,8,YES,YES,gemma-4-31b-it,0.0,1,scores_31x3x3x3_primary.csv
Nejad2025,content/markdowns/Nejad2025-vllm-deepread.md,content/202608_temp/nofigure_inputs/Nejad2025__NO_FIGURE.md,6ac4a71f342ea93a754344f6f6f8d1429241e6465440b21f711c842703924fb2,2839b00a737b1043ed987b177eebce9a42a15bf624cd9a95d91d124a1c4e70b3,141629,138342,3287,17,YES,YES,gemma-4-31b-it,0.0,1,scores_31x3x3x3_primary.csv
Payeur2021,content/markdowns/Payeur2021-vllm-deepread.md,content/202608_temp/nofigure_inputs/Payeur2021__NO_FIGURE.md,c808ab771aa7fb72a420944c433c00d97fb1ad88349bc8d6ee5de49d7a9f1eda,97c6660e290ae740c189a859583aae6e6a9f7845908a8c6a91c0444897acfd25,159369,154036,5333,26,YES,YES,gemma-4-31b-it,0.0,1,scores_31x3x3x3_primary.csv
Rao&Ballard1999,content/markdowns/Rao&Ballard1999-vllm-deepread.md,content/202608_temp/nofigure_inputs/Rao&Ballard1999__NO_FIGURE.md,13c6b26d839379e23b8d4c0ed423846cbd0bf7e95cbfd6281b7ba561992b8ef1,8699f3538566023e8d944979e009448b64e66fe14d47d8153d03f77d664378bf,83854,82514,1340,11,YES,YES,gemma-4-31b-it,0.0,1,scores_31x3x3x3_primary.csv
Rao2024,content/markdowns/Rao2024-vllm-deepread.md,content/202608_temp/nofigure_inputs/Rao2024__NO_FIGURE.md,5b58d4882023d6818737d984be2d34df43bbb62725d269b0d263880b1aafb828,78e28bc7319108b57fd21bdedb72560f6d8d4cd1600a74ba896952370f66f485,131962,129423,2539,15,YES,YES,gemma-4-31b-it,0.0,1,scores_31x3x3x3_primary.csv
Sacramento2018,content/markdowns/Sacramento2018-vllm-deepread.md,content/202608_temp/nofigure_inputs/Sacramento2018__NO_FIGURE.md,c688bfab18cd625e0b8043233d8ab8b87f6fa5a56409de90f8d0af7210c0e26f,b91fc0f13ef71047dc59c485c70b21ecc8406c3daa25a37bb5d35d16d36281ab,45424,45153,271,2,YES,YES,gemma-4-31b-it,0.0,1,scores_31x3x3x3_primary.csv
Spratling2008,content/markdowns/Spratling2008-vllm-deepread.md,content/202608_temp/nofigure_inputs/Spratling2008__NO_FIGURE.md,3af5e55007108ef08bfabdec356cfc3af64f9dd1a4434077348b41c53f5202be,dbd8ce320bd8963bf98380894ed49eaa09e553a46e9333ceec86201a8793ba79,158455,156322,2133,15,YES,YES,gemma-4-31b-it,0.0,1,scores_31x3x3x3_primary.csv
Spratling2010,content/markdowns/Spratling2010-vllm-deepread.md,content/202608_temp/nofigure_inputs/Spratling2010__NO_FIGURE.md,eb3fb6d59c6d5b7866e73ed31d2311eea3cb5107641a1a1f84f69f8078ef47c2,89009e956273b8fc22404ee95b9ebd168489f08324d462916ab084f8e51a582c,202765,195755,7010,39,YES,YES,gemma-4-31b-it,0.0,1,scores_31x3x3x3_primary.csv
Srinivasan1982,content/markdowns/Srinivasan1982-vllm-deepread.md,content/202608_temp/nofigure_inputs/Srinivasan1982__NO_FIGURE.md,a8edd7cc7c09cfc47bfcab3e7bb3703c1473a06b1667849045198033ef7d5901,156e40f958cb62a41fa9141831a392c4f72e07c60daa232f197e1540c64a1b76,94650,94199,451,2,YES,YES,gemma-4-31b-it,0.0,1,scores_31x3x3x3_primary.csv
VanDerveer2021,content/markdowns/VanDerveer2021-vllm-deepread.md,content/202608_temp/nofigure_inputs/VanDerveer2021__NO_FIGURE.md,0d82c719b93a7ce82d3c38fa6db452b98b71ec846dc40cada629987b39bc578b,d5d3a4133bfb582266f00a63bf55ae2365e7a3abd2124b4c531a00e18ff575ed,60704,60473,231,3,YES,YES,gemma-4-31b-it,0.0,1,scores_31x3x3x3_primary.csv
Wacongne2011,content/markdowns/Wacongne2011-vllm-deepread.md,content/202608_temp/nofigure_inputs/Wacongne2011__NO_FIGURE.md,918341f0d1a0a067e49bab1afa12da0a274c0a48d69eb04bd7e005911ac470f4,38d2f116d293d8dccf5ae4afa726e9af8a5d5f55a5b30f12d4b0f2202086c317,62117,61513,604,3,YES,YES,gemma-4-31b-it,0.0,1,scores_31x3x3x3_primary.csv
Wacongne2012,content/markdowns/Wacongne2012-vllm-deepread.md,content/202608_temp/nofigure_inputs/Wacongne2012__NO_FIGURE.md,5329b6c91d38ffa0f374496f59d2b885fe0092bc4e4a2765b435768d20226171,42ede3907161405c3d831cebce29abdb01711a25766e3190612303503c08a15e,170630,163672,6958,26,YES,YES,gemma-4-31b-it,0.0,1,scores_31x3x3x3_primary.csv
Westerberg&Xiong2025,content/markdowns/Westerberg&Xiong2025-vllm-deepread.md,content/202608_temp/nofigure_inputs/Westerberg&Xiong2025__NO_FIGURE.md,8cd592d6e9a4927a22bb56173c51998cc308cf671bf274b1f1683f14125afe67,76eec89a5c5cb025d4ed4a581ac181c8cc18632b035711d4abe3c157bc336b9f,59206,58761,445,5,YES,YES,gemma-4-31b-it,0.0,1,scores_31x3x3x3_primary.csv
Yamins2014,content/markdowns/Yamins2014-vllm-deepread.md,content/202608_temp/nofigure_inputs/Yamins2014__NO_FIGURE.md,383fc5e606492d142f76e7c4443543a8fac8bde994e66e878a002b9110537d17,8802a6df9761ac01abc967dc55a6356231ec7e5a778d4e406bd2cd1a9b691da6,66082,65406,676,6,YES,YES,gemma-4-31b-it,0.0,1,scores_31x3x3x3_primary.csv
