authority_artifact,submitted_figure_number,visual_family,source_code_confirmed_same_artifact,style_property,style_encoding,applies_to_revision_figures
2026_mllm_arxiv_post_sub.pdf (Page 7),Figure 3,Score-Distribution Family (Global Score Cloud),PDF_RECONSTRUCTED (Matches plot_raw_score_distribution / Colab 10),individual_points,"Pale Blue jittered scatter points (marker=circle, size=4, alpha=0.55)","Score distribution clouds, raw evaluator scatters"
2026_mllm_arxiv_post_sub.pdf (Page 7),Figure 3,Score-Distribution Family,PDF_RECONSTRUCTED,summary_markers,Red Diamond = Mean; Purple Square = Median; 6 categories (LO/GO x H1/H2/H3),"Category summaries, condition score comparisons"
2026_mllm_arxiv_post_sub.pdf (Page 8),Figure 4,Consistency / Multi-Panel Dashboard Family,PDF_RECONSTRUCTED (Matches plot_model_agreement_dashboard / Colab 07),panel_layout,"2x2 arrangement: Panel 1 = Model Distance Heatmap; Panels 2-4 = Grouped Context Bars (H1, H2, H3)","Evaluator Agreement Dashboard, Multi-Model Calibration"
2026_mllm_arxiv_post_sub.pdf (Page 8),Figure 4,Consistency / Multi-Panel Dashboard Family,PDF_RECONSTRUCTED,palette_and_benchmarks,"Red/Blue diverging heatmap; Red/Blue grouped bars; Dotted reference lines (AC, LC, LAC, null control)","Decoding robustness, LOO sensitivity, model influence"
2026_mllm_arxiv_post_sub.pdf (Page 9),Figure 5,Literature-Distance Matrix Family,PDF_RECONSTRUCTED,matrix_heatmap,"Square pairwise MSD matrix, Red<->Blue sequential/diverging palette, white diagonal, compact 45-deg labels","Evaluator-by-evaluator correlation matrix, factor covariance"
2026_mllm_arxiv_post_sub.pdf (Page 10),Figure 6,Paired Context Line / Error Family,PDF_RECONSTRUCTED (Matches plot_context_comparison / Colab 11 & 12),context_encoding,"LO = Red circles (marker=o), GO = Blue squares (marker=s), horizontal reference lines, dense rotated paper labels","Westerberg sensitivity, context displacement comparisons"
2026_mllm_arxiv_post_sub.pdf (Page 11),Figure 7,3-D Hypothesis-Space Family,PDF_RECONSTRUCTED (Matches plot_3d_hpc_spaces / Colab 01 & 02),3d_geometry,"Two 3-D panels (LO and GO); Green study coordinates; Gray error structures; H1/H2/H3 axes [-1, 1]","3D ontology projections, coordinate visualizations"
2026_mllm_arxiv_post_sub.pdf (Page 12),Figure 8,3-D Shift Vector Family,PDF_RECONSTRUCTED (Matches plot_3d_shift_vectors / Colab 04 & 05),vector_encoding,Blue/Red individual vectors; Yellow and Purple aggregate trend vectors; Black reference axes,"Trajectory shifts, literature vector trends"
Submitted Supplement (Figure S1),Figure S1,Monochrome / Technical Line-Art Family,PDF_RECONSTRUCTED,supplement_styling,"Monochrome black/gray line-art, dense annotations, high-contrast vector lines","Technical pipeline schematics, supplementary flowcharts"
