study_name,LO-F01,LO-F02,LO-F03,LO-F04,LO-F05,LO-F06,LO-F07,LO-F08,LO-F09,LO-F10,LO-F11,LO-F12,LO-F13,LO-F14,LO-F15,LO-F16,LO-F17,LO-F18,LO-F19,LO-F20,LO-F21,LO-F22,LO-F23,LO-F24,LO-F25,LO-F26,LO-F27,LO-F28,LO-F29,LO-F30,LO-F31,LO-F32,LO-F33,LO-F34,LO-F35,LO-F36,GO-F01,GO-F02,GO-F03,GO-F04,GO-F05,GO-F06,GO-F07,GO-F08,GO-F09,GO-F10,GO-F11,GO-F12,GO-F13,GO-F14,GO-F15,GO-F16,GO-F17,GO-F18,GO-F19,GO-F20,GO-F21,GO-F22,GO-F23,GO-F24,GO-F25,GO-F26,GO-F27,GO-F28,GO-F29,GO-F30,GO-F31,GO-F32,GO-F33,GO-F34,GO-F35,GO-F36,agent_,year_,type_,LO-count,LO-H1-avg,LO-H1-std,LO-H2-avg,LO-H2-std,LO-H3-avg,LO-H3-std,GO-count,GO-H1-avg,GO-H1-std,GO-H2-avg,GO-H2-std,GO-H3-avg,GO-H3-std
Attinger2017,1.0,0.2,1.0,,-0.6,0.6,0.2,,1.0,,1.0,0.6,0.2,,,,,0.6,,,,,0.2,,0.2,0.2,0.0,,,0.0,,,0.2,0.0,0.6,,1.0,0.2,1.0,,,0.6,0.2,,1.0,,1.0,0.6,0.2,,,,,0.6,,,,,0.2,,0.2,0.2,0.0,,,0.0,,,0.2,0.0,0.6,,human_consensus,2026.0,human_panel,19,0.556,0.514,0.333,0.189,0.171,0.198,18,0.7,0.332,0.333,0.189,0.171,0.198
Bakhtiari2021,,,,,,,,,,,,,,,,,,,,,,,,,,0.2,,,,0.0,,,,0.2,,,,,,,,,,,,,,,,,,,,,,,,,,,,0.2,,,,0.0,,,,0.2,,,human_consensus,2026.0,human_panel,3,0.0,0.0,0.0,0.0,0.133,0.094,3,0.0,0.0,0.0,0.0,0.133,0.094
Bastos2012,0.6,0.2,1.0,-0.2,-0.2,1.0,,0.6,,1.0,0.2,,1.0,0.2,,1.0,1.0,1.0,1.0,0.2,0.6,,1.0,0.6,1.0,1.0,0.6,,0.6,0.6,0.6,0.6,,0.6,0.6,,0.6,0.2,1.0,,,1.0,,0.6,,1.0,0.2,,1.0,0.2,,1.0,1.0,1.0,1.0,0.2,0.6,,1.0,0.6,1.0,1.0,0.6,,0.6,0.6,0.6,0.6,,0.6,0.6,,human_consensus,2026.0,human_panel,28,0.467,0.462,0.76,0.32,0.689,0.166,26,0.657,0.333,0.76,0.32,0.689,0.166
Bastos2020,,,0.2,0.2,-0.2,1.0,0.0,1.0,,,0.6,,1.0,,,1.0,0.2,1.0,,1.0,1.0,0.2,1.0,,0.6,0.6,1.0,,1.0,1.0,,,0.2,1.0,0.2,,,,0.2,,,1.0,0.0,1.0,,,0.6,,1.0,,,1.0,0.2,1.0,,1.0,1.0,0.2,1.0,,0.6,0.6,1.0,,1.0,1.0,,,0.2,1.0,0.2,,human_consensus,2026.0,human_panel,23,0.4,0.441,0.8,0.346,0.7,0.332,21,0.56,0.408,0.8,0.346,0.7,0.332
Bekinschtein2009,,,,,,0.6,,,,0.0,,,0.6,,,,0.0,,,,0.2,0.6,0.2,,,-0.6,0.2,,0.6,0.2,,,,0.0,,0.6,,,,,,0.6,,,,0.6,,,0.6,,,,-0.2,,,,0.6,0.6,0.2,,,-0.6,0.6,,0.6,0.6,,,,0.2,0.2,-0.6,human_consensus,2026.0,human_panel,13,0.3,0.3,0.32,0.24,0.167,0.407,14,0.6,0.0,0.36,0.32,0.143,0.498
Chao2018,,,,,,,,,,,,,,,,,,,,,,,,,,,,,,,,,,,,,,,,,,,,,,,,,,,,,,,,,,,,,,,,,,,,,,,,,human_consensus,2026.0,human_panel,0,0.0,0.0,0.0,0.0,0.0,0.0,0,0.0,0.0,0.0,0.0,0.0,0.0
Friston2010,0.6,,0.6,,,1.0,0.2,,,1.0,0.2,,1.0,,,,1.0,1.0,,0.2,0.2,,1.0,0.2,1.0,1.0,0.6,,0.2,0.6,0.6,,,1.0,0.2,,0.6,,0.6,,,1.0,0.2,,,1.0,0.2,,1.0,,,,1.0,1.0,,0.2,0.2,,1.0,0.2,1.0,1.0,0.6,,0.2,0.6,0.6,,,1.0,0.2,,human_consensus,2026.0,human_panel,21,0.6,0.327,0.657,0.396,0.65,0.312,21,0.6,0.327,0.657,0.396,0.65,0.312
Furutachi2024,0.6,,0.6,0.2,-0.2,1.0,0.2,,1.0,0.6,0.6,0.6,0.2,,,,-0.6,0.2,,,,,-0.2,1.0,0.2,0.2,0.2,,,0.0,,0.2,0.0,0.0,0.6,,0.6,,0.6,,,1.0,0.2,,1.0,0.6,0.6,0.6,0.2,,,,-0.6,0.2,,,,,-0.2,1.0,0.2,0.2,0.2,,,0.0,,0.2,0.0,0.0,0.6,,human_consensus,2026.0,human_panel,23,0.52,0.349,0.12,0.531,0.175,0.185,21,0.65,0.24,0.12,0.531,0.175,0.185
Garret2020,,,0.2,0.2,0.0,0.6,0.0,,0.6,0.2,0.0,1.0,0.0,,,,-0.6,0.2,,,,,0.0,,,0.2,0.2,,,0.2,,,,0.2,-0.2,0.2,0.2,0.2,0.6,,,1.0,1.0,,1.0,0.6,0.6,1.0,0.0,,,,-0.2,0.2,,,,,0.2,,,0.2,0.2,,,0.2,,,,0.2,0.2,0.0,human_consensus,2026.0,human_panel,19,0.311,0.328,-0.1,0.3,0.133,0.149,19,0.689,0.314,0.05,0.166,0.167,0.075
Greedy2022,0.2,,0.2,,0.2,0.2,,,,,0.6,,-0.6,,,,-1.0,,,,,,-0.6,,0.2,0.6,0.6,,0.2,0.2,,,,0.2,,,0.2,,0.2,,,0.2,,,,,0.6,,-0.6,,,,-1.0,,,,,,-0.6,,0.2,0.6,0.6,,0.2,0.2,,,,0.2,,,human_consensus,2026.0,human_panel,14,0.28,0.16,-0.733,0.189,0.333,0.189,13,0.3,0.173,-0.733,0.189,0.333,0.189
Hertag2020,1.0,-0.2,1.0,,,1.0,,,1.0,0.2,1.0,1.0,0.2,,0.2,,0.2,0.6,,,,,0.2,,0.6,0.2,0.0,,,0.0,,,,0.0,0.2,,1.0,-0.2,1.0,,,1.0,,,1.0,0.2,1.0,1.0,0.2,,0.2,,0.2,0.6,,,,,0.2,,0.6,0.2,0.0,,,0.0,,,,0.0,0.2,,human_consensus,2026.0,human_panel,19,0.75,0.444,0.28,0.16,0.167,0.213,19,0.75,0.444,0.28,0.16,0.167,0.213
Jiang&Rao2024,,,,,,,,,,,,,,,,,,,,,,,,,,,,,,,,,,,,,,,,,,,,,,,,,,,,,,,,,,,,,,,,,,,,,,,,,human_consensus,2026.0,human_panel,0,0.0,0.0,0.0,0.0,0.0,0.0,0,0.0,0.0,0.0,0.0,0.0,0.0
Keller2012,,,,,,0.2,,,,,,1.0,0.6,,,,,0.6,,,,,0.2,,0.2,0.2,0.2,,0.2,0.2,0.2,0.2,0.2,0.2,0.2,-0.2,,,,,,0.2,,,,,,0.6,0.2,,,,,0.2,,,,,,,,,,,,,,,,,,,human_consensus,2026.0,human_panel,16,0.6,0.4,0.467,0.189,0.164,0.115,4,0.4,0.2,0.2,0.0,0.0,0.0
Keller2018,0.6,,0.6,0.2,-0.2,1.0,,,,0.6,0.6,0.6,0.6,,,,-0.6,0.6,,,0.2,,0.6,,1.0,0.6,0.2,,,0.2,0.6,0.6,,0.2,0.2,-0.6,0.6,,0.6,,,0.6,,,,0.6,0.6,1.0,0.6,,,,-0.6,0.6,,,0.2,,0.6,,1.0,0.6,0.2,,,0.2,0.6,0.6,,0.2,0.2,-0.6,human_consensus,2026.0,human_panel,22,0.5,0.332,0.28,0.466,0.333,0.422,20,0.667,0.149,0.28,0.466,0.333,0.422
Kiebel2008,0.2,,,,,0.6,0.2,,,0.6,,1.0,0.6,,-0.2,,0.6,0.6,0.6,,0.2,0.2,0.6,,0.6,1.0,0.6,,0.2,0.6,0.2,0.2,,0.6,0.2,,0.2,,,,,0.6,0.2,,,0.6,,1.0,0.6,,-0.2,,0.6,0.6,0.6,,0.2,0.2,0.6,,0.6,1.0,0.6,,0.2,0.6,0.2,0.2,,0.6,0.2,,human_consensus,2026.0,human_panel,22,0.52,0.299,0.4,0.283,0.467,0.267,22,0.52,0.299,0.4,0.283,0.467,0.267
LaoRodriguez2023,,,,0.2,0.6,1.0,,,,0.2,,1.0,0.2,,,,0.0,0.0,0.0,,,,0.0,0.2,0.0,0.2,0.2,,0.2,0.2,0.0,0.6,0.6,0.2,0.2,0.6,,,,,,0.6,,,,0.2,,1.0,0.0,,,,-0.6,0.0,0.0,,,,0.0,0.2,0.0,0.2,0.2,,0.2,0.2,0.0,0.6,0.6,0.2,0.2,0.6,human_consensus,2026.0,human_panel,22,0.6,0.358,0.067,0.094,0.273,0.214,20,0.6,0.327,-0.067,0.249,0.273,0.214
LeeMejias2025,1.0,0.0,1.0,,,1.0,0.6,0.2,1.0,,0.6,1.0,1.0,,,,0.6,1.0,1.0,0.2,0.6,,1.0,,0.6,0.2,0.2,,,0.2,,,,0.2,0.6,-0.2,1.0,0.0,1.0,,,1.0,0.6,0.2,1.0,,0.6,0.6,1.0,,,,0.6,1.0,1.0,0.2,0.6,,1.0,,0.6,0.2,0.2,,,0.2,,,,0.2,0.6,-0.2,human_consensus,2026.0,human_panel,23,0.711,0.366,0.771,0.291,0.257,0.256,23,0.667,0.353,0.771,0.291,0.257,0.256
Mikulasch2023,0.6,0.6,0.6,0.2,0.2,0.6,0.2,,0.2,0.6,0.6,0.6,0.6,,,0.2,-0.6,0.6,0.6,,0.2,,0.6,0.2,0.6,0.6,0.2,,0.2,0.2,0.6,0.6,,0.6,0.2,,0.6,0.6,0.6,,,0.6,0.2,,0.2,0.6,0.6,0.6,0.6,,,0.2,-0.6,0.6,0.6,,0.2,,0.6,0.2,0.6,0.6,0.2,,0.2,0.2,0.6,0.6,,0.6,0.2,,human_consensus,2026.0,human_panel,28,0.455,0.192,0.3,0.387,0.422,0.199,26,0.511,0.166,0.3,0.387,0.422,0.199
Nejad2025,,,,,,0.2,0.6,,,,,0.6,0.2,,,,-1.0,,,,,0.2,-0.6,0.6,0.6,0.2,0.0,,0.0,0.0,0.2,0.2,,0.2,0.0,,,,,,,0.2,0.6,,,,,0.6,0.2,,,,-1.0,,,,,0.2,-0.6,0.6,0.6,0.2,0.0,,0.0,0.0,0.2,0.2,,0.2,0.0,,human_consensus,2026.0,human_panel,17,0.467,0.189,-0.12,0.588,0.156,0.183,17,0.467,0.189,-0.12,0.588,0.156,0.183
Payeur2021,0.0,0.0,0.0,,0.2,0.2,,,0.2,0.2,,,0.0,0.0,0.0,,-0.6,,,,0.0,,-0.6,,0.2,0.6,0.6,,0.2,0.2,,,,0.6,0.2,,0.0,0.0,0.0,,,0.2,,,0.2,0.2,,,0.0,0.0,0.0,,-0.6,,,,0.0,,-0.6,,0.2,0.6,0.6,,0.2,0.2,,,,0.6,0.2,,human_consensus,2026.0,human_panel,20,0.114,0.099,-0.2,0.283,0.371,0.198,19,0.1,0.1,-0.2,0.283,0.371,0.198
Rao&Ballard1999,,,,,,,,,,,,,,,,,,,,,,,,,,,,,,,,,,,,,,,,,,,,,,,,,,,,,,,,,,,,,,,,,,,,,,,,,human_consensus,2026.0,human_panel,0,0.0,0.0,0.0,0.0,0.0,0.0,0,0.0,0.0,0.0,0.0,0.0,0.0
Rao2024,0.2,,,,,0.6,,,,0.2,,0.6,0.6,,,,0.6,0.6,0.6,,0.2,,0.6,0.6,0.6,0.6,0.6,,,0.6,0.6,0.2,,0.6,0.2,,0.2,,,,,0.6,,,,0.2,,0.6,0.6,,,,0.6,0.6,0.6,,0.2,,0.6,0.6,0.6,0.6,0.6,,,0.6,0.6,0.2,,0.6,0.2,,human_consensus,2026.0,human_panel,19,0.4,0.2,0.543,0.14,0.5,0.173,19,0.4,0.2,0.543,0.14,0.5,0.173
Sacramento2018,1.0,,0.6,,,0.6,,,,,0.6,,-0.2,,,,-1.0,,,,,,-0.6,,0.6,0.6,0.6,,,0.2,,0.2,0.2,0.6,0.2,,1.0,,0.6,,,0.6,,,,,0.6,,-0.2,,,,-1.0,,,,,,-0.6,,0.6,0.6,0.6,,,0.2,,0.2,0.2,0.6,0.2,,human_consensus,2026.0,human_panel,15,0.7,0.173,-0.6,0.327,0.4,0.2,15,0.7,0.173,-0.6,0.327,0.4,0.2
Spratling2008,0.6,0.6,0.2,,,0.6,0.2,,,0.6,,,1.0,,,,1.0,,,,0.6,,1.0,,0.2,0.6,0.2,,,0.2,,,,0.2,,,0.6,0.6,0.2,,,0.6,0.2,,,0.6,,,1.0,,,,1.0,,,,0.6,,1.0,,0.2,0.6,0.2,,,0.2,,,,0.2,,,human_consensus,2026.0,human_panel,15,0.467,0.189,0.9,0.173,0.28,0.16,15,0.467,0.189,0.9,0.173,0.28,0.16
Spratling2010,-0.2,1.0,0.2,,,1.0,0.6,,,0.2,,,0.0,,,,0.2,,,,,,0.0,0.0,0.2,0.6,0.2,,0.2,0.2,,0.6,,0.2,0.2,,-0.2,1.0,0.2,,,1.0,0.6,,,0.2,,,0.0,,,,0.2,,,,,,0.0,0.0,0.2,0.6,0.2,,0.2,0.2,,0.6,,0.2,0.2,,human_consensus,2026.0,human_panel,18,0.467,0.442,0.05,0.087,0.3,0.173,18,0.467,0.442,0.05,0.087,0.3,0.173
Srinivasan1982,1.0,,0.6,,,1.0,0.2,,,0.2,0.2,,0.6,,,,0.2,,,,,,0.6,0.2,,0.0,0.0,,,0.0,,0.6,,0.0,0.6,,0.0,,0.0,,,0.0,0.0,,,0.2,0.0,,0.0,,,,0.0,,,,,,0.0,0.0,,0.0,0.0,,,0.0,,0.0,,0.0,0.0,,human_consensus,2026.0,human_panel,16,0.533,0.359,0.4,0.2,0.2,0.283,16,0.033,0.075,0.0,0.0,0.0,0.0
VanDerveer2021,1.0,0.0,0.6,0.6,0.6,0.6,0.2,0.6,0.2,0.2,,,0.2,,,0.6,0.0,0.2,0.2,0.2,0.2,,0.2,0.2,0.2,0.6,0.2,,0.6,0.6,0.6,0.6,,0.6,0.2,,0.6,0.0,0.6,,,0.2,,0.2,0.2,0.2,,,0.2,,,0.2,-0.2,0.2,0.2,0.2,0.2,,0.2,,0.2,0.6,0.2,,0.6,0.6,0.2,0.6,,0.6,0.2,,human_consensus,2026.0,human_panel,28,0.46,0.284,0.222,0.147,0.467,0.189,24,0.286,0.21,0.15,0.132,0.422,0.199
Wacongne2011,,,,0.0,-0.6,1.0,,,,,,1.0,0.2,,,,0.2,,,,0.2,0.6,0.2,,,0.2,0.6,,,0.2,,,,0.2,,0.2,,,,,,1.0,,,,,,1.0,0.6,,,,0.2,,,,0.6,0.6,0.6,,,0.2,0.6,,,0.2,,,,0.2,,-0.2,human_consensus,2026.0,human_panel,14,0.35,0.684,0.28,0.16,0.28,0.16,12,1.0,0.0,0.52,0.16,0.2,0.253
Wacongne2012,,,,,,,,,,,,,,,,,,,,,,,,,,,,,,,,,,,,,,,,,,,,,,,,,,,,,,,,,,,,,,,,,,,,,,,,,human_consensus,2026.0,human_panel,0,0.0,0.0,0.0,0.0,0.0,0.0,0,0.0,0.0,0.0,0.0,0.0,0.0
Westerberg&Xiong2025,,,,,,,,,,,,,,,,,,,,,,,,,,,,,,,,,,,,,,,,,,,,,,,,,,,,,,,,,,,,,,,,,,,,,,,,,human_consensus,2026.0,human_panel,0,0.0,0.0,0.0,0.0,0.0,0.0,0,0.0,0.0,0.0,0.0,0.0,0.0
Yamins2014,,,,,,,,,,,,,,,,,,,,,0.2,,,,,0.2,,,,0.2,,,,0.2,,,,,,,,,,,,,,,,,,,,,,,0.2,,,,,0.2,,,,0.2,,,,0.2,,,human_consensus,2026.0,human_panel,4,0.0,0.0,0.2,0.0,0.2,0.0,4,0.0,0.0,0.2,0.0,0.2,0.0
