paper_id,context,factor,human_score,council_score,absolute_difference,audit_priority,source_markdown,source_location,source_evidence_summary,supports_human_direction,supports_council_direction,ambiguous_or_insufficient,adjudicator_id,adjudication_note
Nejad2025,LO,LO-F17,-1.0,0.8,1.8,High (|diff| >= 0.50),Nejad2025-vllm-deepread_compressed.md,,,,,,,
Greedy2022,GO,GO-F17,-1.0,0.633,1.633,High (|diff| >= 0.50),Greedy2022-vllm-deepread_compressed.md,,,,,,,
Greedy2022,LO,LO-F17,-1.0,0.567,1.567,High (|diff| >= 0.50),Greedy2022-vllm-deepread_compressed.md,,,,,,,
Greedy2022,LO,LO-F23,-0.6,0.9,1.5,High (|diff| >= 0.50),Greedy2022-vllm-deepread_compressed.md,,,,,,,
Greedy2022,GO,GO-F23,-0.6,0.867,1.467,High (|diff| >= 0.50),Greedy2022-vllm-deepread_compressed.md,,,,,,,
Nejad2025,LO,LO-F23,-0.6,0.825,1.425,High (|diff| >= 0.50),Nejad2025-vllm-deepread_compressed.md,,,,,,,
Mikulasch2023,LO,LO-F17,-0.6,0.75,1.35,High (|diff| >= 0.50),Mikulasch2023-vllm-deepread_compressed.md,,,,,,,
Furutachi2024,LO,LO-F17,-0.6,0.75,1.35,High (|diff| >= 0.50),Furutachi2024-vllm-deepread_compressed.md,,,,,,,
Keller2018,LO,LO-F17,-0.6,0.733,1.333,High (|diff| >= 0.50),Keller2018-vllm-deepread_compressed.md,,,,,,,
Greedy2022,LO,LO-F13,-0.6,0.7,1.3,High (|diff| >= 0.50),Greedy2022-vllm-deepread_compressed.md,,,,,,,
Keller2018,GO,GO-F17,-0.6,0.657,1.257,High (|diff| >= 0.50),Keller2018-vllm-deepread_compressed.md,,,,,,,
Sacramento2018,LO,LO-F17,-1.0,0.25,1.25,High (|diff| >= 0.50),Sacramento2018-vllm-deepread_compressed.md,,,,,,,
Garret2020,GO,GO-F12,1.0,-0.225,1.225,High (|diff| >= 0.50),Garret2020-vllm-deepread_compressed.md,,,,,,,
Bekinschtein2009,LO,LO-F36,0.6,-0.6,1.2,High (|diff| >= 0.50),Bekinschtein2009-vllm-deepread_compressed.md,,,,,,,
Garret2020,LO,LO-F17,-0.6,0.6,1.2,High (|diff| >= 0.50),Garret2020-vllm-deepread_compressed.md,,,,,,,
Greedy2022,GO,GO-F13,-0.6,0.6,1.2,High (|diff| >= 0.50),Greedy2022-vllm-deepread_compressed.md,,,,,,,
Payeur2021,GO,GO-F23,-0.6,0.567,1.167,High (|diff| >= 0.50),Payeur2021-vllm-deepread_compressed.md,,,,,,,
Furutachi2024,GO,GO-F24,1.0,-0.15,1.15,High (|diff| >= 0.50),Furutachi2024-vllm-deepread_compressed.md,,,,,,,
Payeur2021,LO,LO-F23,-0.6,0.533,1.133,High (|diff| >= 0.50),Payeur2021-vllm-deepread_compressed.md,,,,,,,
Payeur2021,LO,LO-F17,-0.6,0.5,1.1,High (|diff| >= 0.50),Payeur2021-vllm-deepread_compressed.md,,,,,,,
Attinger2017,LO,LO-F05,-0.6,0.5,1.1,High (|diff| >= 0.50),Attinger2017-vllm-deepread_compressed.md,,,,,,,
Sacramento2018,LO,LO-F23,-0.6,0.5,1.1,High (|diff| >= 0.50),Sacramento2018-vllm-deepread_compressed.md,,,,,,,
Mikulasch2023,LO,LO-F04,0.2,-0.9,1.1,High (|diff| >= 0.50),Mikulasch2023-vllm-deepread_compressed.md,,,,,,,
Hertag2020,GO,GO-F02,-0.2,0.867,1.067,High (|diff| >= 0.50),Hertag2020-vllm-deepread_compressed.md,,,,,,,
Hertag2020,LO,LO-F02,-0.2,0.833,1.033,High (|diff| >= 0.50),Hertag2020-vllm-deepread_compressed.md,,,,,,,
Furutachi2024,LO,LO-F23,-0.2,0.825,1.025,High (|diff| >= 0.50),Furutachi2024-vllm-deepread_compressed.md,,,,,,,
Srinivasan1982,GO,GO-F24,0.0,1.0,1.0,High (|diff| >= 0.50),Srinivasan1982-vllm-deepread_compressed.md,,,,,,,
Payeur2021,GO,GO-F17,-0.6,0.4,1.0,High (|diff| >= 0.50),Payeur2021-vllm-deepread_compressed.md,,,,,,,
LaoRodriguez2023,GO,GO-F17,-0.6,0.367,0.967,High (|diff| >= 0.50),LaoRodriguez2023-vllm-deepread_compressed.md,,,,,,,
Srinivasan1982,GO,GO-F01,0.0,0.943,0.943,High (|diff| >= 0.50),Srinivasan1982-vllm-deepread_compressed.md,,,,,,,
Bekinschtein2009,GO,GO-F13,0.6,-0.333,0.933,High (|diff| >= 0.50),Bekinschtein2009-vllm-deepread_compressed.md,,,,,,,
Bastos2012,LO,LO-F04,-0.2,0.7,0.9,High (|diff| >= 0.50),Bastos2012-vllm-deepread_compressed.md,,,,,,,
Srinivasan1982,GO,GO-F06,0.0,0.9,0.9,High (|diff| >= 0.50),Srinivasan1982-vllm-deepread_compressed.md,,,,,,,
Bekinschtein2009,LO,LO-F26,-0.6,0.3,0.9,High (|diff| >= 0.50),Bekinschtein2009-vllm-deepread_compressed.md,,,,,,,
Bekinschtein2009,GO,GO-F26,-0.6,0.3,0.9,High (|diff| >= 0.50),Bekinschtein2009-vllm-deepread_compressed.md,,,,,,,
Srinivasan1982,GO,GO-F23,0.0,0.9,0.9,High (|diff| >= 0.50),Srinivasan1982-vllm-deepread_compressed.md,,,,,,,
Keller2018,LO,LO-F05,-0.2,0.683,0.883,High (|diff| >= 0.50),Keller2018-vllm-deepread_compressed.md,,,,,,,
Srinivasan1982,GO,GO-F17,0.0,0.875,0.875,High (|diff| >= 0.50),Srinivasan1982-vllm-deepread_compressed.md,,,,,,,
Mikulasch2023,GO,GO-F13,0.6,-0.267,0.867,High (|diff| >= 0.50),Mikulasch2023-vllm-deepread_compressed.md,,,,,,,
Srinivasan1982,GO,GO-F11,0.0,0.867,0.867,High (|diff| >= 0.50),Srinivasan1982-vllm-deepread_compressed.md,,,,,,,
Sacramento2018,GO,GO-F17,-1.0,-0.15,0.85,High (|diff| >= 0.50),Sacramento2018-vllm-deepread_compressed.md,,,,,,,
LaoRodriguez2023,LO,LO-F06,1.0,0.15,0.85,High (|diff| >= 0.50),LaoRodriguez2023-vllm-deepread_compressed.md,,,,,,,
Mikulasch2023,GO,GO-F18,0.6,-0.24,0.84,High (|diff| >= 0.50),Mikulasch2023-vllm-deepread_compressed.md,,,,,,,
Spratling2010,LO,LO-F23,0.0,0.84,0.84,High (|diff| >= 0.50),Spratling2010-vllm-deepread_compressed.md,,,,,,,
Nejad2025,GO,GO-F17,-1.0,-0.167,0.833,High (|diff| >= 0.50),Nejad2025-vllm-deepread_compressed.md,,,,,,,
Garret2020,GO,GO-F10,0.6,-0.233,0.833,High (|diff| >= 0.50),Garret2020-vllm-deepread_compressed.md,,,,,,,
Garret2020,GO,GO-F11,0.6,-0.225,0.825,High (|diff| >= 0.50),Garret2020-vllm-deepread_compressed.md,,,,,,,
Mikulasch2023,GO,GO-F23,0.6,-0.225,0.825,High (|diff| >= 0.50),Mikulasch2023-vllm-deepread_compressed.md,,,,,,,
Srinivasan1982,GO,GO-F03,0.0,0.825,0.825,High (|diff| >= 0.50),Srinivasan1982-vllm-deepread_compressed.md,,,,,,,
Furutachi2024,LO,LO-F06,1.0,0.175,0.825,High (|diff| >= 0.50),Furutachi2024-vllm-deepread_compressed.md,,,,,,,
Mikulasch2023,GO,GO-F11,0.6,-0.217,0.817,High (|diff| >= 0.50),Mikulasch2023-vllm-deepread_compressed.md,,,,,,,
Attinger2017,LO,LO-F26,0.2,1.0,0.8,High (|diff| >= 0.50),Attinger2017-vllm-deepread_compressed.md,,,,,,,
LeeMejias2025,LO,LO-F36,-0.2,0.6,0.8,High (|diff| >= 0.50),LeeMejias2025-vllm-deepread_compressed.md,,,,,,,
LeeMejias2025,GO,GO-F36,-0.2,0.6,0.8,High (|diff| >= 0.50),LeeMejias2025-vllm-deepread_compressed.md,,,,,,,
Furutachi2024,LO,LO-F33,0.0,0.8,0.8,High (|diff| >= 0.50),Furutachi2024-vllm-deepread_compressed.md,,,,,,,
Mikulasch2023,GO,GO-F10,0.6,-0.2,0.8,High (|diff| >= 0.50),Mikulasch2023-vllm-deepread_compressed.md,,,,,,,
Mikulasch2023,GO,GO-F12,0.6,-0.2,0.8,High (|diff| >= 0.50),Mikulasch2023-vllm-deepread_compressed.md,,,,,,,
Mikulasch2023,GO,GO-F19,0.6,-0.2,0.8,High (|diff| >= 0.50),Mikulasch2023-vllm-deepread_compressed.md,,,,,,,
Keller2012,LO,LO-F29,0.2,1.0,0.8,High (|diff| >= 0.50),Keller2012-vllm-deepread_compressed.md,,,,,,,
Srinivasan1982,GO,GO-F13,0.0,0.8,0.8,High (|diff| >= 0.50),Srinivasan1982-vllm-deepread_compressed.md,,,,,,,
Mikulasch2023,GO,GO-F25,0.6,-0.2,0.8,High (|diff| >= 0.50),Mikulasch2023-vllm-deepread_compressed.md,,,,,,,
VanDerveer2021,LO,LO-F02,0.0,0.8,0.8,High (|diff| >= 0.50),VanDerveer2021-vllm-deepread_compressed.md,,,,,,,
Srinivasan1982,GO,GO-F07,0.0,0.78,0.78,High (|diff| >= 0.50),Srinivasan1982-vllm-deepread_compressed.md,,,,,,,
Nejad2025,GO,GO-F24,0.6,-0.175,0.775,High (|diff| >= 0.50),Nejad2025-vllm-deepread_compressed.md,,,,,,,
LeeMejias2025,LO,LO-F02,0.0,0.771,0.771,High (|diff| >= 0.50),LeeMejias2025-vllm-deepread_compressed.md,,,,,,,
Hertag2020,GO,GO-F12,1.0,0.233,0.767,High (|diff| >= 0.50),Hertag2020-vllm-deepread_compressed.md,,,,,,,
Furutachi2024,GO,GO-F06,1.0,0.25,0.75,High (|diff| >= 0.50),Furutachi2024-vllm-deepread_compressed.md,,,,,,,
LeeMejias2025,GO,GO-F02,0.0,0.75,0.75,High (|diff| >= 0.50),LeeMejias2025-vllm-deepread_compressed.md,,,,,,,
Keller2018,GO,GO-F36,-0.6,0.15,0.75,High (|diff| >= 0.50),Keller2018-vllm-deepread_compressed.md,,,,,,,
Bastos2012,LO,LO-F05,-0.2,0.55,0.75,High (|diff| >= 0.50),Bastos2012-vllm-deepread_compressed.md,,,,,,,
Keller2018,LO,LO-F36,-0.6,0.15,0.75,High (|diff| >= 0.50),Keller2018-vllm-deepread_compressed.md,,,,,,,
Kiebel2008,GO,GO-F29,0.2,0.94,0.74,High (|diff| >= 0.50),Kiebel2008-vllm-deepread_compressed.md,,,,,,,
Nejad2025,GO,GO-F12,0.6,-0.133,0.733,High (|diff| >= 0.50),Nejad2025-vllm-deepread_compressed.md,,,,,,,
Furutachi2024,GO,GO-F12,0.6,-0.133,0.733,High (|diff| >= 0.50),Furutachi2024-vllm-deepread_compressed.md,,,,,,,
Spratling2010,GO,GO-F23,0.0,0.725,0.725,High (|diff| >= 0.50),Spratling2010-vllm-deepread_compressed.md,,,,,,,
Furutachi2024,LO,LO-F18,0.2,0.9,0.7,High (|diff| >= 0.50),Furutachi2024-vllm-deepread_compressed.md,,,,,,,
Bakhtiari2021,GO,GO-F30,0.0,0.7,0.7,High (|diff| >= 0.50),Bakhtiari2021-vllm-deepread_compressed.md,,,,,,,
VanDerveer2021,GO,GO-F17,-0.2,0.5,0.7,High (|diff| >= 0.50),VanDerveer2021-vllm-deepread_compressed.md,,,,,,,
Sacramento2018,LO,LO-F13,-0.2,0.5,0.7,High (|diff| >= 0.50),Sacramento2018-vllm-deepread_compressed.md,,,,,,,
Bekinschtein2009,LO,LO-F17,0.0,0.68,0.68,High (|diff| >= 0.50),Bekinschtein2009-vllm-deepread_compressed.md,,,,,,,
LaoRodriguez2023,LO,LO-F23,0.0,0.675,0.675,High (|diff| >= 0.50),LaoRodriguez2023-vllm-deepread_compressed.md,,,,,,,
Wacongne2011,LO,LO-F34,0.2,0.875,0.675,High (|diff| >= 0.50),Wacongne2011-vllm-deepread_compressed.md,,,,,,,
Garret2020,LO,LO-F23,0.0,0.667,0.667,High (|diff| >= 0.50),Garret2020-vllm-deepread_compressed.md,,,,,,,
Attinger2017,LO,LO-F27,0.0,0.667,0.667,High (|diff| >= 0.50),Attinger2017-vllm-deepread_compressed.md,,,,,,,
Spratling2010,LO,LO-F01,-0.2,0.467,0.667,High (|diff| >= 0.50),Spratling2010-vllm-deepread_compressed.md,,,,,,,
Kiebel2008,GO,GO-F22,0.2,0.867,0.667,High (|diff| >= 0.50),Kiebel2008-vllm-deepread_compressed.md,,,,,,,
LeeMejias2025,GO,GO-F13,1.0,0.34,0.66,High (|diff| >= 0.50),LeeMejias2025-vllm-deepread_compressed.md,,,,,,,
LeeMejias2025,LO,LO-F13,1.0,0.34,0.66,High (|diff| >= 0.50),LeeMejias2025-vllm-deepread_compressed.md,,,,,,,
Attinger2017,GO,GO-F34,0.0,0.65,0.65,High (|diff| >= 0.50),Attinger2017-vllm-deepread_compressed.md,,,,,,,
Payeur2021,LO,LO-F21,0.0,0.65,0.65,High (|diff| >= 0.50),Payeur2021-vllm-deepread_compressed.md,,,,,,,
Wacongne2011,GO,GO-F34,0.2,0.85,0.65,High (|diff| >= 0.50),Wacongne2011-vllm-deepread_compressed.md,,,,,,,
Attinger2017,LO,LO-F34,0.0,0.65,0.65,High (|diff| >= 0.50),Attinger2017-vllm-deepread_compressed.md,,,,,,,
Srinivasan1982,LO,LO-F17,0.2,0.85,0.65,High (|diff| >= 0.50),Srinivasan1982-vllm-deepread_compressed.md,,,,,,,
Mikulasch2023,LO,LO-F16,0.2,0.85,0.65,High (|diff| >= 0.50),Mikulasch2023-vllm-deepread_compressed.md,,,,,,,
Payeur2021,GO,GO-F21,0.0,0.65,0.65,High (|diff| >= 0.50),Payeur2021-vllm-deepread_compressed.md,,,,,,,
Keller2012,GO,GO-F18,0.2,0.85,0.65,High (|diff| >= 0.50),Keller2012-vllm-deepread_compressed.md,,,,,,,
Srinivasan1982,GO,GO-F32,0.0,0.633,0.633,High (|diff| >= 0.50),Srinivasan1982-vllm-deepread_compressed.md,,,,,,,
Kiebel2008,GO,GO-F32,0.2,0.833,0.633,High (|diff| >= 0.50),Kiebel2008-vllm-deepread_compressed.md,,,,,,,
Furutachi2024,LO,LO-F13,0.2,0.833,0.633,High (|diff| >= 0.50),Furutachi2024-vllm-deepread_compressed.md,,,,,,,
LeeMejias2025,LO,LO-F20,0.2,0.833,0.633,High (|diff| >= 0.50),LeeMejias2025-vllm-deepread_compressed.md,,,,,,,
Attinger2017,LO,LO-F13,0.2,0.833,0.633,High (|diff| >= 0.50),Attinger2017-vllm-deepread_compressed.md,,,,,,,
LeeMejias2025,GO,GO-F26,0.2,0.825,0.625,High (|diff| >= 0.50),LeeMejias2025-vllm-deepread_compressed.md,,,,,,,
Nejad2025,LO,LO-F13,0.2,0.825,0.625,High (|diff| >= 0.50),Nejad2025-vllm-deepread_compressed.md,,,,,,,
Attinger2017,LO,LO-F23,0.2,0.812,0.613,High (|diff| >= 0.50),Attinger2017-vllm-deepread_compressed.md,,,,,,,
LaoRodriguez2023,LO,LO-F26,0.2,0.8,0.6,High (|diff| >= 0.50),LaoRodriguez2023-vllm-deepread_compressed.md,,,,,,,
LaoRodriguez2023,LO,LO-F25,0.0,0.6,0.6,High (|diff| >= 0.50),LaoRodriguez2023-vllm-deepread_compressed.md,,,,,,,
Hertag2020,GO,GO-F34,0.0,0.6,0.6,High (|diff| >= 0.50),Hertag2020-vllm-deepread_compressed.md,,,,,,,
Hertag2020,LO,LO-F34,0.0,0.6,0.6,High (|diff| >= 0.50),Hertag2020-vllm-deepread_compressed.md,,,,,,,
Attinger2017,GO,GO-F26,0.2,0.8,0.6,High (|diff| >= 0.50),Attinger2017-vllm-deepread_compressed.md,,,,,,,
Wacongne2011,LO,LO-F17,0.2,0.8,0.6,High (|diff| >= 0.50),Wacongne2011-vllm-deepread_compressed.md,,,,,,,
Nejad2025,LO,LO-F29,0.0,0.6,0.6,High (|diff| >= 0.50),Nejad2025-vllm-deepread_compressed.md,,,,,,,
Srinivasan1982,LO,LO-F34,0.0,0.6,0.6,High (|diff| >= 0.50),Srinivasan1982-vllm-deepread_compressed.md,,,,,,,
Payeur2021,GO,GO-F13,0.0,0.6,0.6,High (|diff| >= 0.50),Payeur2021-vllm-deepread_compressed.md,,,,,,,
Wacongne2011,LO,LO-F23,0.2,0.8,0.6,High (|diff| >= 0.50),Wacongne2011-vllm-deepread_compressed.md,,,,,,,
Bekinschtein2009,LO,LO-F30,0.2,-0.4,0.6,High (|diff| >= 0.50),Bekinschtein2009-vllm-deepread_compressed.md,,,,,,,
Payeur2021,GO,GO-F14,0.0,0.6,0.6,High (|diff| >= 0.50),Payeur2021-vllm-deepread_compressed.md,,,,,,,
Srinivasan1982,LO,LO-F07,0.2,0.8,0.6,High (|diff| >= 0.50),Srinivasan1982-vllm-deepread_compressed.md,,,,,,,
Payeur2021,GO,GO-F15,0.0,0.6,0.6,High (|diff| >= 0.50),Payeur2021-vllm-deepread_compressed.md,,,,,,,
Nejad2025,GO,GO-F29,0.0,0.6,0.6,High (|diff| >= 0.50),Nejad2025-vllm-deepread_compressed.md,,,,,,,
Spratling2008,LO,LO-F34,0.2,0.8,0.6,High (|diff| >= 0.50),Spratling2008-vllm-deepread_compressed.md,,,,,,,
Spratling2008,GO,GO-F01,0.6,0.0,0.6,High (|diff| >= 0.50),Spratling2008-vllm-deepread_compressed.md,,,,,,,
Rao2024,LO,LO-F10,0.2,0.8,0.6,High (|diff| >= 0.50),Rao2024-vllm-deepread_compressed.md,,,,,,,
Kiebel2008,LO,LO-F29,0.2,0.8,0.6,High (|diff| >= 0.50),Kiebel2008-vllm-deepread_compressed.md,,,,,,,
Bakhtiari2021,LO,LO-F30,0.0,0.6,0.6,High (|diff| >= 0.50),Bakhtiari2021-vllm-deepread_compressed.md,,,,,,,
Spratling2008,GO,GO-F34,0.2,0.8,0.6,High (|diff| >= 0.50),Spratling2008-vllm-deepread_compressed.md,,,,,,,
Garret2020,LO,LO-F05,0.0,0.6,0.6,High (|diff| >= 0.50),Garret2020-vllm-deepread_compressed.md,,,,,,,
Payeur2021,LO,LO-F15,0.0,0.6,0.6,High (|diff| >= 0.50),Payeur2021-vllm-deepread_compressed.md,,,,,,,
LaoRodriguez2023,GO,GO-F12,1.0,0.4,0.6,High (|diff| >= 0.50),LaoRodriguez2023-vllm-deepread_compressed.md,,,,,,,
Nejad2025,LO,LO-F35,0.0,0.6,0.6,High (|diff| >= 0.50),Nejad2025-vllm-deepread_compressed.md,,,,,,,
Nejad2025,GO,GO-F35,0.0,0.6,0.6,High (|diff| >= 0.50),Nejad2025-vllm-deepread_compressed.md,,,,,,,
Furutachi2024,LO,LO-F05,-0.2,0.4,0.6,High (|diff| >= 0.50),Furutachi2024-vllm-deepread_compressed.md,,,,,,,
Friston2010,GO,GO-F20,0.2,0.8,0.6,High (|diff| >= 0.50),Friston2010-vllm-deepread_compressed.md,,,,,,,
Payeur2021,LO,LO-F14,0.0,0.6,0.6,High (|diff| >= 0.50),Payeur2021-vllm-deepread_compressed.md,,,,,,,
Payeur2021,GO,GO-F03,0.0,0.6,0.6,High (|diff| >= 0.50),Payeur2021-vllm-deepread_compressed.md,,,,,,,
Attinger2017,GO,GO-F23,0.2,0.787,0.587,High (|diff| >= 0.50),Attinger2017-vllm-deepread_compressed.md,,,,,,,
Spratling2010,LO,LO-F03,0.2,0.78,0.58,High (|diff| >= 0.50),Spratling2010-vllm-deepread_compressed.md,,,,,,,
Bastos2020,LO,LO-F30,1.0,0.425,0.575,High (|diff| >= 0.50),Bastos2020-vllm-deepread_compressed.md,,,,,,,
LaoRodriguez2023,LO,LO-F17,0.0,0.567,0.567,High (|diff| >= 0.50),LaoRodriguez2023-vllm-deepread_compressed.md,,,,,,,
VanDerveer2021,LO,LO-F17,0.0,0.567,0.567,High (|diff| >= 0.50),VanDerveer2021-vllm-deepread_compressed.md,,,,,,,
Rao2024,GO,GO-F10,0.2,0.767,0.567,High (|diff| >= 0.50),Rao2024-vllm-deepread_compressed.md,,,,,,,
Bastos2012,LO,LO-F20,0.2,0.767,0.567,High (|diff| >= 0.50),Bastos2012-vllm-deepread_compressed.md,,,,,,,
Friston2010,LO,LO-F20,0.2,0.76,0.56,High (|diff| >= 0.50),Friston2010-vllm-deepread_compressed.md,,,,,,,
LeeMejias2025,GO,GO-F27,0.2,0.76,0.56,High (|diff| >= 0.50),LeeMejias2025-vllm-deepread_compressed.md,,,,,,,
Garret2020,LO,LO-F07,0.0,0.55,0.55,High (|diff| >= 0.50),Garret2020-vllm-deepread_compressed.md,,,,,,,
Srinivasan1982,GO,GO-F34,0.0,0.55,0.55,High (|diff| >= 0.50),Srinivasan1982-vllm-deepread_compressed.md,,,,,,,
Garret2020,GO,GO-F26,0.2,0.75,0.55,High (|diff| >= 0.50),Garret2020-vllm-deepread_compressed.md,,,,,,,
Friston2010,LO,LO-F25,1.0,0.45,0.55,High (|diff| >= 0.50),Friston2010-vllm-deepread_compressed.md,,,,,,,
Bastos2012,GO,GO-F20,0.2,0.75,0.55,High (|diff| >= 0.50),Bastos2012-vllm-deepread_compressed.md,,,,,,,
Wacongne2011,LO,LO-F21,0.2,0.75,0.55,High (|diff| >= 0.50),Wacongne2011-vllm-deepread_compressed.md,,,,,,,
Payeur2021,LO,LO-F03,0.0,0.55,0.55,High (|diff| >= 0.50),Payeur2021-vllm-deepread_compressed.md,,,,,,,
Spratling2010,GO,GO-F03,0.2,0.74,0.54,High (|diff| >= 0.50),Spratling2010-vllm-deepread_compressed.md,,,,,,,
LaoRodriguez2023,GO,GO-F06,0.6,0.06,0.54,High (|diff| >= 0.50),LaoRodriguez2023-vllm-deepread_compressed.md,,,,,,,
Friston2010,GO,GO-F25,1.0,0.467,0.533,High (|diff| >= 0.50),Friston2010-vllm-deepread_compressed.md,,,,,,,
Payeur2021,GO,GO-F06,0.2,0.733,0.533,High (|diff| >= 0.50),Payeur2021-vllm-deepread_compressed.md,,,,,,,
Attinger2017,GO,GO-F27,0.0,0.533,0.533,High (|diff| >= 0.50),Attinger2017-vllm-deepread_compressed.md,,,,,,,
Garret2020,LO,LO-F11,0.0,0.525,0.525,High (|diff| >= 0.50),Garret2020-vllm-deepread_compressed.md,,,,,,,
Nejad2025,LO,LO-F22,0.2,0.725,0.525,High (|diff| >= 0.50),Nejad2025-vllm-deepread_compressed.md,,,,,,,
Hertag2020,LO,LO-F12,1.0,0.475,0.525,High (|diff| >= 0.50),Hertag2020-vllm-deepread_compressed.md,,,,,,,
Spratling2008,LO,LO-F13,1.0,0.475,0.525,High (|diff| >= 0.50),Spratling2008-vllm-deepread_compressed.md,,,,,,,
Hertag2020,LO,LO-F23,0.2,0.725,0.525,High (|diff| >= 0.50),Hertag2020-vllm-deepread_compressed.md,,,,,,,
Garret2020,GO,GO-F07,1.0,0.475,0.525,High (|diff| >= 0.50),Garret2020-vllm-deepread_compressed.md,,,,,,,
VanDerveer2021,GO,GO-F16,0.2,0.725,0.525,High (|diff| >= 0.50),VanDerveer2021-vllm-deepread_compressed.md,,,,,,,
Bastos2020,GO,GO-F30,1.0,0.475,0.525,High (|diff| >= 0.50),Bastos2020-vllm-deepread_compressed.md,,,,,,,
VanDerveer2021,GO,GO-F13,0.2,0.72,0.52,High (|diff| >= 0.50),VanDerveer2021-vllm-deepread_compressed.md,,,,,,,
Nejad2025,LO,LO-F06,0.2,0.72,0.52,High (|diff| >= 0.50),Nejad2025-vllm-deepread_compressed.md,,,,,,,
Hertag2020,GO,GO-F17,0.2,0.72,0.52,High (|diff| >= 0.50),Hertag2020-vllm-deepread_compressed.md,,,,,,,
Bastos2020,LO,LO-F17,0.2,0.72,0.52,High (|diff| >= 0.50),Bastos2020-vllm-deepread_compressed.md,,,,,,,
VanDerveer2021,GO,GO-F18,0.2,0.717,0.517,High (|diff| >= 0.50),VanDerveer2021-vllm-deepread_compressed.md,,,,,,,
Payeur2021,LO,LO-F02,0.0,0.5,0.5,High (|diff| >= 0.50),Payeur2021-vllm-deepread_compressed.md,,,,,,,
LaoRodriguez2023,GO,GO-F26,0.2,0.7,0.5,Standard,LaoRodriguez2023-vllm-deepread_compressed.md,,,,,,,
Attinger2017,LO,LO-F25,0.2,0.7,0.5,Standard,Attinger2017-vllm-deepread_compressed.md,,,,,,,
LeeMejias2025,LO,LO-F26,0.2,0.7,0.5,Standard,LeeMejias2025-vllm-deepread_compressed.md,,,,,,,
Friston2010,GO,GO-F07,0.2,0.7,0.5,Standard,Friston2010-vllm-deepread_compressed.md,,,,,,,
Attinger2017,GO,GO-F13,0.2,0.7,0.5,High (|diff| >= 0.50),Attinger2017-vllm-deepread_compressed.md,,,,,,,
Furutachi2024,GO,GO-F32,0.2,0.7,0.5,Standard,Furutachi2024-vllm-deepread_compressed.md,,,,,,,
Attinger2017,LO,LO-F30,0.0,0.5,0.5,High (|diff| >= 0.50),Attinger2017-vllm-deepread_compressed.md,,,,,,,
Friston2010,GO,GO-F29,0.2,0.7,0.5,High (|diff| >= 0.50),Friston2010-vllm-deepread_compressed.md,,,,,,,
Nejad2025,GO,GO-F30,0.0,0.5,0.5,High (|diff| >= 0.50),Nejad2025-vllm-deepread_compressed.md,,,,,,,
Payeur2021,LO,LO-F06,0.2,0.7,0.5,High (|diff| >= 0.50),Payeur2021-vllm-deepread_compressed.md,,,,,,,
VanDerveer2021,LO,LO-F21,0.2,0.7,0.5,Standard,VanDerveer2021-vllm-deepread_compressed.md,,,,,,,
Kiebel2008,LO,LO-F01,0.2,0.7,0.5,Standard,Kiebel2008-vllm-deepread_compressed.md,,,,,,,
Bastos2020,GO,GO-F35,0.2,0.7,0.5,Standard,Bastos2020-vllm-deepread_compressed.md,,,,,,,
Mikulasch2023,LO,LO-F29,0.2,0.7,0.5,Standard,Mikulasch2023-vllm-deepread_compressed.md,,,,,,,
Bastos2020,LO,LO-F35,0.2,0.7,0.5,Standard,Bastos2020-vllm-deepread_compressed.md,,,,,,,
VanDerveer2021,GO,GO-F25,0.2,0.7,0.5,High (|diff| >= 0.50),VanDerveer2021-vllm-deepread_compressed.md,,,,,,,
Keller2012,GO,GO-F13,0.2,0.7,0.5,High (|diff| >= 0.50),Keller2012-vllm-deepread_compressed.md,,,,,,,
Kiebel2008,LO,LO-F32,0.2,0.7,0.5,Standard,Kiebel2008-vllm-deepread_compressed.md,,,,,,,
Nejad2025,LO,LO-F27,0.0,0.5,0.5,High (|diff| >= 0.50),Nejad2025-vllm-deepread_compressed.md,,,,,,,
Sacramento2018,GO,GO-F25,0.6,0.1,0.5,High (|diff| >= 0.50),Sacramento2018-vllm-deepread_compressed.md,,,,,,,
Bastos2012,GO,GO-F11,0.2,0.7,0.5,High (|diff| >= 0.50),Bastos2012-vllm-deepread_compressed.md,,,,,,,
Mikulasch2023,GO,GO-F16,0.2,-0.3,0.5,High (|diff| >= 0.50),Mikulasch2023-vllm-deepread_compressed.md,,,,,,,
Payeur2021,LO,LO-F13,0.0,0.5,0.5,High (|diff| >= 0.50),Payeur2021-vllm-deepread_compressed.md,,,,,,,
Garret2020,LO,LO-F35,-0.2,0.3,0.5,High (|diff| >= 0.50),Garret2020-vllm-deepread_compressed.md,,,,,,,
Garret2020,LO,LO-F26,0.2,0.7,0.5,Standard,Garret2020-vllm-deepread_compressed.md,,,,,,,
Attinger2017,GO,GO-F30,0.0,0.5,0.5,High (|diff| >= 0.50),Attinger2017-vllm-deepread_compressed.md,,,,,,,
Mikulasch2023,LO,LO-F24,0.2,0.7,0.5,High (|diff| >= 0.50),Mikulasch2023-vllm-deepread_compressed.md,,,,,,,
Keller2018,LO,LO-F21,0.2,0.686,0.486,Standard,Keller2018-vllm-deepread_compressed.md,,,,,,,
Bastos2012,GO,GO-F16,1.0,0.517,0.483,Standard,Bastos2012-vllm-deepread_compressed.md,,,,,,,
VanDerveer2021,LO,LO-F24,0.2,0.68,0.48,Standard,VanDerveer2021-vllm-deepread_compressed.md,,,,,,,
Garret2020,LO,LO-F13,0.0,0.48,0.48,Standard,Garret2020-vllm-deepread_compressed.md,,,,,,,
LeeMejias2025,GO,GO-F34,0.2,0.68,0.48,Standard,LeeMejias2025-vllm-deepread_compressed.md,,,,,,,
LeeMejias2025,LO,LO-F34,0.2,0.68,0.48,Standard,LeeMejias2025-vllm-deepread_compressed.md,,,,,,,
VanDerveer2021,LO,LO-F19,0.2,0.68,0.48,Standard,VanDerveer2021-vllm-deepread_compressed.md,,,,,,,
LaoRodriguez2023,LO,LO-F13,0.2,0.675,0.475,Standard,LaoRodriguez2023-vllm-deepread_compressed.md,,,,,,,
Mikulasch2023,GO,GO-F24,0.2,-0.275,0.475,Standard,Mikulasch2023-vllm-deepread_compressed.md,,,,,,,
Hertag2020,LO,LO-F17,0.2,0.675,0.475,Standard,Hertag2020-vllm-deepread_compressed.md,,,,,,,
Nejad2025,GO,GO-F06,0.2,0.675,0.475,Standard,Nejad2025-vllm-deepread_compressed.md,,,,,,,
Nejad2025,GO,GO-F23,-0.6,-0.125,0.475,Standard,Nejad2025-vllm-deepread_compressed.md,,,,,,,
Kiebel2008,LO,LO-F21,0.2,0.675,0.475,Standard,Kiebel2008-vllm-deepread_compressed.md,,,,,,,
LaoRodriguez2023,LO,LO-F19,0.0,0.475,0.475,Standard,LaoRodriguez2023-vllm-deepread_compressed.md,,,,,,,
Furutachi2024,GO,GO-F07,0.2,0.675,0.475,Standard,Furutachi2024-vllm-deepread_compressed.md,,,,,,,
VanDerveer2021,LO,LO-F25,0.2,0.667,0.467,Standard,VanDerveer2021-vllm-deepread_compressed.md,,,,,,,
Nejad2025,GO,GO-F27,0.0,0.467,0.467,Standard,Nejad2025-vllm-deepread_compressed.md,,,,,,,
Wacongne2011,GO,GO-F17,0.2,0.667,0.467,Standard,Wacongne2011-vllm-deepread_compressed.md,,,,,,,
VanDerveer2021,LO,LO-F09,0.2,0.667,0.467,Standard,VanDerveer2021-vllm-deepread_compressed.md,,,,,,,
Friston2010,LO,LO-F13,1.0,0.533,0.467,Standard,Friston2010-vllm-deepread_compressed.md,,,,,,,
Bekinschtein2009,LO,LO-F21,0.2,0.667,0.467,Standard,Bekinschtein2009-vllm-deepread_compressed.md,,,,,,,
VanDerveer2021,GO,GO-F09,0.2,0.667,0.467,Standard,VanDerveer2021-vllm-deepread_compressed.md,,,,,,,
Wacongne2011,LO,LO-F13,0.2,0.66,0.46,Standard,Wacongne2011-vllm-deepread_compressed.md,,,,,,,
Bastos2012,LO,LO-F11,0.2,0.66,0.46,Standard,Bastos2012-vllm-deepread_compressed.md,,,,,,,
Friston2010,GO,GO-F17,1.0,0.543,0.457,Standard,Friston2010-vllm-deepread_compressed.md,,,,,,,
Friston2010,LO,LO-F17,1.0,0.543,0.457,Standard,Friston2010-vllm-deepread_compressed.md,,,,,,,
Keller2018,LO,LO-F27,0.2,0.65,0.45,Standard,Keller2018-vllm-deepread_compressed.md,,,,,,,
Hertag2020,GO,GO-F23,0.2,0.65,0.45,Standard,Hertag2020-vllm-deepread_compressed.md,,,,,,,
Spratling2008,LO,LO-F27,0.2,0.65,0.45,Standard,Spratling2008-vllm-deepread_compressed.md,,,,,,,
Bastos2020,GO,GO-F22,0.2,0.65,0.45,Standard,Bastos2020-vllm-deepread_compressed.md,,,,,,,
Kiebel2008,LO,LO-F07,0.2,0.65,0.45,Standard,Kiebel2008-vllm-deepread_compressed.md,,,,,,,
Greedy2022,LO,LO-F06,0.2,0.65,0.45,Standard,Greedy2022-vllm-deepread_compressed.md,,,,,,,
VanDerveer2021,LO,LO-F18,0.2,0.65,0.45,Standard,VanDerveer2021-vllm-deepread_compressed.md,,,,,,,
Srinivasan1982,LO,LO-F11,0.2,0.65,0.45,Standard,Srinivasan1982-vllm-deepread_compressed.md,,,,,,,
Mikulasch2023,GO,GO-F27,0.2,0.65,0.45,Standard,Mikulasch2023-vllm-deepread_compressed.md,,,,,,,
Mikulasch2023,GO,GO-F29,0.2,0.65,0.45,Standard,Mikulasch2023-vllm-deepread_compressed.md,,,,,,,
Sacramento2018,GO,GO-F23,-0.6,-0.15,0.45,Standard,Sacramento2018-vllm-deepread_compressed.md,,,,,,,
Furutachi2024,GO,GO-F34,0.0,0.45,0.45,Standard,Furutachi2024-vllm-deepread_compressed.md,,,,,,,
VanDerveer2021,GO,GO-F31,0.2,0.65,0.45,Standard,VanDerveer2021-vllm-deepread_compressed.md,,,,,,,
Mikulasch2023,LO,LO-F21,0.2,0.65,0.45,Standard,Mikulasch2023-vllm-deepread_compressed.md,,,,,,,
Rao2024,LO,LO-F32,0.2,0.65,0.45,Standard,Rao2024-vllm-deepread_compressed.md,,,,,,,
Spratling2008,GO,GO-F27,0.2,0.65,0.45,Standard,Spratling2008-vllm-deepread_compressed.md,,,,,,,
Bekinschtein2009,LO,LO-F23,0.2,0.64,0.44,Standard,Bekinschtein2009-vllm-deepread_compressed.md,,,,,,,
VanDerveer2021,LO,LO-F13,0.2,0.64,0.44,Standard,VanDerveer2021-vllm-deepread_compressed.md,,,,,,,
LeeMejias2025,LO,LO-F27,0.2,0.64,0.44,Standard,LeeMejias2025-vllm-deepread_compressed.md,,,,,,,
Spratling2008,GO,GO-F17,1.0,0.56,0.44,Standard,Spratling2008-vllm-deepread_compressed.md,,,,,,,
Attinger2017,LO,LO-F33,0.2,0.64,0.44,Standard,Attinger2017-vllm-deepread_compressed.md,,,,,,,
Bastos2012,LO,LO-F16,1.0,0.567,0.433,Standard,Bastos2012-vllm-deepread_compressed.md,,,,,,,
Hertag2020,LO,LO-F15,0.2,0.633,0.433,Standard,Hertag2020-vllm-deepread_compressed.md,,,,,,,
Furutachi2024,GO,GO-F17,-0.6,-0.167,0.433,Standard,Furutachi2024-vllm-deepread_compressed.md,,,,,,,
Spratling2008,GO,GO-F13,1.0,0.567,0.433,Standard,Spratling2008-vllm-deepread_compressed.md,,,,,,,
Bekinschtein2009,GO,GO-F23,0.2,0.633,0.433,Standard,Bekinschtein2009-vllm-deepread_compressed.md,,,,,,,
Bekinschtein2009,GO,GO-F34,0.2,0.633,0.433,Standard,Bekinschtein2009-vllm-deepread_compressed.md,,,,,,,
Friston2010,LO,LO-F07,0.2,0.633,0.433,Standard,Friston2010-vllm-deepread_compressed.md,,,,,,,
Garret2020,LO,LO-F10,0.2,0.633,0.433,Standard,Garret2020-vllm-deepread_compressed.md,,,,,,,
Friston2010,LO,LO-F29,0.2,0.633,0.433,Standard,Friston2010-vllm-deepread_compressed.md,,,,,,,
Friston2010,LO,LO-F10,1.0,0.571,0.429,Standard,Friston2010-vllm-deepread_compressed.md,,,,,,,
Kiebel2008,GO,GO-F21,0.2,0.625,0.425,Standard,Kiebel2008-vllm-deepread_compressed.md,,,,,,,
Kiebel2008,LO,LO-F12,1.0,0.575,0.425,Standard,Kiebel2008-vllm-deepread_compressed.md,,,,,,,
Friston2010,LO,LO-F26,1.0,0.575,0.425,Standard,Friston2010-vllm-deepread_compressed.md,,,,,,,
Keller2012,LO,LO-F23,0.2,0.625,0.425,Standard,Keller2012-vllm-deepread_compressed.md,,,,,,,
Mikulasch2023,GO,GO-F21,0.2,-0.225,0.425,Standard,Mikulasch2023-vllm-deepread_compressed.md,,,,,,,
Bastos2012,GO,GO-F26,1.0,0.575,0.425,Standard,Bastos2012-vllm-deepread_compressed.md,,,,,,,
Spratling2010,GO,GO-F10,0.2,0.625,0.425,Standard,Spratling2010-vllm-deepread_compressed.md,,,,,,,
Garret2020,LO,LO-F04,0.2,0.625,0.425,Standard,Garret2020-vllm-deepread_compressed.md,,,,,,,
Spratling2008,LO,LO-F17,1.0,0.58,0.42,Standard,Spratling2008-vllm-deepread_compressed.md,,,,,,,
Garret2020,LO,LO-F18,0.2,0.62,0.42,Standard,Garret2020-vllm-deepread_compressed.md,,,,,,,
Spratling2010,LO,LO-F17,0.2,0.62,0.42,Standard,Spratling2010-vllm-deepread_compressed.md,,,,,,,
Bastos2020,GO,GO-F27,1.0,0.58,0.42,Standard,Bastos2020-vllm-deepread_compressed.md,,,,,,,
Bastos2012,LO,LO-F14,0.2,0.62,0.42,Standard,Bastos2012-vllm-deepread_compressed.md,,,,,,,
Garret2020,GO,GO-F18,0.2,-0.22,0.42,Standard,Garret2020-vllm-deepread_compressed.md,,,,,,,
Spratling2008,GO,GO-F23,1.0,0.58,0.42,Standard,Spratling2008-vllm-deepread_compressed.md,,,,,,,
Keller2018,LO,LO-F04,0.2,0.617,0.417,Standard,Keller2018-vllm-deepread_compressed.md,,,,,,,
Payeur2021,GO,GO-F02,0.0,0.4,0.4,Standard,Payeur2021-vllm-deepread_compressed.md,,,,,,,
Spratling2010,GO,GO-F29,0.2,0.6,0.4,Standard,Spratling2010-vllm-deepread_compressed.md,,,,,,,
Sacramento2018,LO,LO-F25,0.6,0.2,0.4,Standard,Sacramento2018-vllm-deepread_compressed.md,,,,,,,
Payeur2021,LO,LO-F35,0.2,0.6,0.4,Standard,Payeur2021-vllm-deepread_compressed.md,,,,,,,
Bastos2020,LO,LO-F34,1.0,0.6,0.4,Standard,Bastos2020-vllm-deepread_compressed.md,,,,,,,
Wacongne2011,LO,LO-F26,0.2,0.6,0.4,Standard,Wacongne2011-vllm-deepread_compressed.md,,,,,,,
Bastos2020,LO,LO-F22,0.2,0.6,0.4,Standard,Bastos2020-vllm-deepread_compressed.md,,,,,,,
Payeur2021,LO,LO-F29,0.2,0.6,0.4,Standard,Payeur2021-vllm-deepread_compressed.md,,,,,,,
Payeur2021,LO,LO-F25,0.2,0.6,0.4,Standard,Payeur2021-vllm-deepread_compressed.md,,,,,,,
Bastos2012,LO,LO-F26,1.0,0.6,0.4,Standard,Bastos2012-vllm-deepread_compressed.md,,,,,,,
Bastos2012,LO,LO-F10,1.0,0.6,0.4,Standard,Bastos2012-vllm-deepread_compressed.md,,,,,,,
Spratling2010,LO,LO-F29,0.2,0.6,0.4,Standard,Spratling2010-vllm-deepread_compressed.md,,,,,,,
Bastos2020,LO,LO-F05,-0.2,0.2,0.4,Standard,Bastos2020-vllm-deepread_compressed.md,,,,,,,
Spratling2010,LO,LO-F34,0.2,0.6,0.4,Standard,Spratling2010-vllm-deepread_compressed.md,,,,,,,
VanDerveer2021,GO,GO-F19,0.2,0.6,0.4,Standard,VanDerveer2021-vllm-deepread_compressed.md,,,,,,,
Greedy2022,GO,GO-F11,0.6,0.2,0.4,Standard,Greedy2022-vllm-deepread_compressed.md,,,,,,,
Keller2012,LO,LO-F32,0.2,0.6,0.4,Standard,Keller2012-vllm-deepread_compressed.md,,,,,,,
Nejad2025,LO,LO-F30,0.0,0.4,0.4,Standard,Nejad2025-vllm-deepread_compressed.md,,,,,,,
Kiebel2008,LO,LO-F26,1.0,0.6,0.4,Standard,Kiebel2008-vllm-deepread_compressed.md,,,,,,,
Kiebel2008,GO,GO-F15,-0.2,0.2,0.4,Standard,Kiebel2008-vllm-deepread_compressed.md,,,,,,,
VanDerveer2021,GO,GO-F21,0.2,0.6,0.4,Standard,VanDerveer2021-vllm-deepread_compressed.md,,,,,,,
Kiebel2008,GO,GO-F07,0.2,0.6,0.4,Standard,Kiebel2008-vllm-deepread_compressed.md,,,,,,,
VanDerveer2021,GO,GO-F23,0.2,0.6,0.4,Standard,VanDerveer2021-vllm-deepread_compressed.md,,,,,,,
Kiebel2008,LO,LO-F31,0.2,0.6,0.4,Standard,Kiebel2008-vllm-deepread_compressed.md,,,,,,,
Keller2012,LO,LO-F35,0.2,0.6,0.4,Standard,Keller2012-vllm-deepread_compressed.md,,,,,,,
Kiebel2008,GO,GO-F31,0.2,0.6,0.4,Standard,Kiebel2008-vllm-deepread_compressed.md,,,,,,,
Furutachi2024,LO,LO-F26,0.2,0.6,0.4,Standard,Furutachi2024-vllm-deepread_compressed.md,,,,,,,
Garret2020,LO,LO-F34,0.2,0.6,0.4,Standard,Garret2020-vllm-deepread_compressed.md,,,,,,,
Srinivasan1982,LO,LO-F24,0.2,0.6,0.4,Standard,Srinivasan1982-vllm-deepread_compressed.md,,,,,,,
Greedy2022,GO,GO-F06,0.2,0.6,0.4,Standard,Greedy2022-vllm-deepread_compressed.md,,,,,,,
Payeur2021,GO,GO-F25,0.2,0.6,0.4,Standard,Payeur2021-vllm-deepread_compressed.md,,,,,,,
Nejad2025,GO,GO-F32,0.2,0.6,0.4,Standard,Nejad2025-vllm-deepread_compressed.md,,,,,,,
Srinivasan1982,GO,GO-F26,0.0,0.4,0.4,Standard,Srinivasan1982-vllm-deepread_compressed.md,,,,,,,
LaoRodriguez2023,GO,GO-F23,0.0,0.4,0.4,Standard,LaoRodriguez2023-vllm-deepread_compressed.md,,,,,,,
Payeur2021,GO,GO-F29,0.2,0.6,0.4,Standard,Payeur2021-vllm-deepread_compressed.md,,,,,,,
LaoRodriguez2023,GO,GO-F25,0.0,0.4,0.4,Standard,LaoRodriguez2023-vllm-deepread_compressed.md,,,,,,,
Payeur2021,GO,GO-F35,0.2,0.6,0.4,Standard,Payeur2021-vllm-deepread_compressed.md,,,,,,,
Furutachi2024,GO,GO-F26,0.2,-0.2,0.4,Standard,Furutachi2024-vllm-deepread_compressed.md,,,,,,,
LaoRodriguez2023,GO,GO-F13,0.0,0.4,0.4,Standard,LaoRodriguez2023-vllm-deepread_compressed.md,,,,,,,
LaoRodriguez2023,GO,GO-F27,0.2,0.6,0.4,Standard,LaoRodriguez2023-vllm-deepread_compressed.md,,,,,,,
Keller2018,LO,LO-F35,0.2,0.6,0.4,Standard,Keller2018-vllm-deepread_compressed.md,,,,,,,
Srinivasan1982,LO,LO-F26,0.0,0.4,0.4,Standard,Srinivasan1982-vllm-deepread_compressed.md,,,,,,,
Wacongne2011,GO,GO-F26,0.2,0.6,0.4,Standard,Wacongne2011-vllm-deepread_compressed.md,,,,,,,
Spratling2008,GO,GO-F06,0.6,0.2,0.4,Standard,Spratling2008-vllm-deepread_compressed.md,,,,,,,
LaoRodriguez2023,GO,GO-F29,0.2,0.6,0.4,Standard,LaoRodriguez2023-vllm-deepread_compressed.md,,,,,,,
Furutachi2024,LO,LO-F01,0.6,0.2,0.4,Standard,Furutachi2024-vllm-deepread_compressed.md,,,,,,,
Srinivasan1982,GO,GO-F10,0.2,0.6,0.4,Standard,Srinivasan1982-vllm-deepread_compressed.md,,,,,,,
Spratling2010,LO,LO-F10,0.2,0.6,0.4,Standard,Spratling2010-vllm-deepread_compressed.md,,,,,,,
Greedy2022,LO,LO-F11,0.6,0.2,0.4,Standard,Greedy2022-vllm-deepread_compressed.md,,,,,,,
Garret2020,GO,GO-F06,1.0,0.6,0.4,Standard,Garret2020-vllm-deepread_compressed.md,,,,,,,
Spratling2010,GO,GO-F34,0.2,0.6,0.4,Standard,Spratling2010-vllm-deepread_compressed.md,,,,,,,
VanDerveer2021,LO,LO-F23,0.2,0.6,0.4,Standard,VanDerveer2021-vllm-deepread_compressed.md,,,,,,,
Bastos2020,GO,GO-F34,1.0,0.6,0.4,Standard,Bastos2020-vllm-deepread_compressed.md,,,,,,,
Keller2012,LO,LO-F31,0.2,0.6,0.4,Standard,Keller2012-vllm-deepread_compressed.md,,,,,,,
VanDerveer2021,LO,LO-F01,1.0,0.6,0.4,Standard,VanDerveer2021-vllm-deepread_compressed.md,,,,,,,
Greedy2022,LO,LO-F29,0.2,0.6,0.4,Standard,Greedy2022-vllm-deepread_compressed.md,,,,,,,
Greedy2022,LO,LO-F03,0.2,0.6,0.4,Standard,Greedy2022-vllm-deepread_compressed.md,,,,,,,
LaoRodriguez2023,LO,LO-F29,0.2,0.6,0.4,Standard,LaoRodriguez2023-vllm-deepread_compressed.md,,,,,,,
Wacongne2011,GO,GO-F06,1.0,0.6,0.4,Standard,Wacongne2011-vllm-deepread_compressed.md,,,,,,,
Garret2020,GO,GO-F34,0.2,0.6,0.4,Standard,Garret2020-vllm-deepread_compressed.md,,,,,,,
Garret2020,GO,GO-F23,0.2,-0.2,0.4,Standard,Garret2020-vllm-deepread_compressed.md,,,,,,,
Nejad2025,GO,GO-F22,0.2,-0.2,0.4,Standard,Nejad2025-vllm-deepread_compressed.md,,,,,,,
Greedy2022,LO,LO-F30,0.2,0.6,0.4,Standard,Greedy2022-vllm-deepread_compressed.md,,,,,,,
Keller2018,GO,GO-F35,0.2,0.6,0.4,Standard,Keller2018-vllm-deepread_compressed.md,,,,,,,
Greedy2022,GO,GO-F03,0.2,0.6,0.4,Standard,Greedy2022-vllm-deepread_compressed.md,,,,,,,
Greedy2022,LO,LO-F25,0.2,0.6,0.4,Standard,Greedy2022-vllm-deepread_compressed.md,,,,,,,
LeeMejias2025,GO,GO-F08,0.2,0.586,0.386,Standard,LeeMejias2025-vllm-deepread_compressed.md,,,,,,,
Bastos2020,GO,GO-F23,1.0,0.617,0.383,Standard,Bastos2020-vllm-deepread_compressed.md,,,,,,,
Bastos2020,GO,GO-F17,0.2,0.583,0.383,Standard,Bastos2020-vllm-deepread_compressed.md,,,,,,,
Bastos2012,GO,GO-F10,1.0,0.617,0.383,Standard,Bastos2012-vllm-deepread_compressed.md,,,,,,,
Spratling2008,LO,LO-F06,0.6,0.22,0.38,Standard,Spratling2008-vllm-deepread_compressed.md,,,,,,,
Friston2010,GO,GO-F11,0.2,0.58,0.38,Standard,Friston2010-vllm-deepread_compressed.md,,,,,,,
Bastos2012,GO,GO-F14,0.2,0.58,0.38,Standard,Bastos2012-vllm-deepread_compressed.md,,,,,,,
VanDerveer2021,LO,LO-F05,0.6,0.22,0.38,Standard,VanDerveer2021-vllm-deepread_compressed.md,,,,,,,
Bastos2012,LO,LO-F02,0.2,0.575,0.375,Standard,Bastos2012-vllm-deepread_compressed.md,,,,,,,
LaoRodriguez2023,LO,LO-F18,0.0,0.375,0.375,Standard,LaoRodriguez2023-vllm-deepread_compressed.md,,,,,,,
Bekinschtein2009,LO,LO-F10,0.0,0.375,0.375,Standard,Bekinschtein2009-vllm-deepread_compressed.md,,,,,,,
Hertag2020,LO,LO-F10,0.2,0.575,0.375,Standard,Hertag2020-vllm-deepread_compressed.md,,,,,,,
Furutachi2024,GO,GO-F13,0.2,-0.175,0.375,Standard,Furutachi2024-vllm-deepread_compressed.md,,,,,,,
Furutachi2024,GO,GO-F18,0.2,-0.175,0.375,Standard,Furutachi2024-vllm-deepread_compressed.md,,,,,,,
Rao2024,LO,LO-F21,0.2,0.575,0.375,Standard,Rao2024-vllm-deepread_compressed.md,,,,,,,
Furutachi2024,LO,LO-F07,0.2,0.575,0.375,Standard,Furutachi2024-vllm-deepread_compressed.md,,,,,,,
Bastos2020,LO,LO-F27,1.0,0.625,0.375,Standard,Bastos2020-vllm-deepread_compressed.md,,,,,,,
Hertag2020,LO,LO-F13,0.2,0.575,0.375,Standard,Hertag2020-vllm-deepread_compressed.md,,,,,,,
Mikulasch2023,GO,GO-F17,-0.6,-0.225,0.375,Standard,Mikulasch2023-vllm-deepread_compressed.md,,,,,,,
Keller2018,GO,GO-F21,0.2,0.571,0.371,Standard,Keller2018-vllm-deepread_compressed.md,,,,,,,
Bekinschtein2009,GO,GO-F17,-0.2,0.167,0.367,Standard,Bekinschtein2009-vllm-deepread_compressed.md,,,,,,,
Keller2018,LO,LO-F34,0.2,0.567,0.367,Standard,Keller2018-vllm-deepread_compressed.md,,,,,,,
LeeMejias2025,LO,LO-F23,1.0,0.633,0.367,Standard,LeeMejias2025-vllm-deepread_compressed.md,,,,,,,
Mikulasch2023,LO,LO-F27,0.2,0.567,0.367,Standard,Mikulasch2023-vllm-deepread_compressed.md,,,,,,,
Bastos2012,LO,LO-F19,1.0,0.633,0.367,Standard,Bastos2012-vllm-deepread_compressed.md,,,,,,,
LaoRodriguez2023,LO,LO-F27,0.2,0.567,0.367,Standard,LaoRodriguez2023-vllm-deepread_compressed.md,,,,,,,
VanDerveer2021,GO,GO-F08,0.2,0.567,0.367,Standard,VanDerveer2021-vllm-deepread_compressed.md,,,,,,,
Payeur2021,LO,LO-F05,0.2,0.567,0.367,Standard,Payeur2021-vllm-deepread_compressed.md,,,,,,,
Attinger2017,LO,LO-F07,0.2,0.567,0.367,Standard,Attinger2017-vllm-deepread_compressed.md,,,,,,,
Attinger2017,GO,GO-F07,0.2,0.567,0.367,Standard,Attinger2017-vllm-deepread_compressed.md,,,,,,,
Nejad2025,LO,LO-F34,0.2,0.567,0.367,Standard,Nejad2025-vllm-deepread_compressed.md,,,,,,,
Garret2020,LO,LO-F27,0.2,0.567,0.367,Standard,Garret2020-vllm-deepread_compressed.md,,,,,,,
Nejad2025,GO,GO-F34,0.2,0.567,0.367,Standard,Nejad2025-vllm-deepread_compressed.md,,,,,,,
Wacongne2011,LO,LO-F06,1.0,0.64,0.36,Standard,Wacongne2011-vllm-deepread_compressed.md,,,,,,,
Spratling2008,LO,LO-F23,1.0,0.64,0.36,Standard,Spratling2008-vllm-deepread_compressed.md,,,,,,,
Bastos2020,LO,LO-F07,0.0,0.36,0.36,Standard,Bastos2020-vllm-deepread_compressed.md,,,,,,,
Friston2010,LO,LO-F21,0.2,0.56,0.36,Standard,Friston2010-vllm-deepread_compressed.md,,,,,,,
Bastos2020,GO,GO-F21,1.0,0.643,0.357,Standard,Bastos2020-vllm-deepread_compressed.md,,,,,,,
Friston2010,LO,LO-F06,1.0,0.643,0.357,Standard,Friston2010-vllm-deepread_compressed.md,,,,,,,
Rao2024,GO,GO-F32,0.2,0.55,0.35,Standard,Rao2024-vllm-deepread_compressed.md,,,,,,,
Keller2018,GO,GO-F27,0.2,0.55,0.35,Standard,Keller2018-vllm-deepread_compressed.md,,,,,,,
LaoRodriguez2023,GO,GO-F34,0.2,0.55,0.35,Standard,LaoRodriguez2023-vllm-deepread_compressed.md,,,,,,,
Nejad2025,LO,LO-F32,0.2,0.55,0.35,Standard,Nejad2025-vllm-deepread_compressed.md,,,,,,,
LaoRodriguez2023,GO,GO-F19,0.0,0.35,0.35,Standard,LaoRodriguez2023-vllm-deepread_compressed.md,,,,,,,
Kiebel2008,LO,LO-F15,-0.2,0.15,0.35,Standard,Kiebel2008-vllm-deepread_compressed.md,,,,,,,
LaoRodriguez2023,LO,LO-F34,0.2,0.55,0.35,Standard,LaoRodriguez2023-vllm-deepread_compressed.md,,,,,,,
Nejad2025,GO,GO-F13,0.2,-0.15,0.35,Standard,Nejad2025-vllm-deepread_compressed.md,,,,,,,
Keller2018,GO,GO-F25,1.0,0.65,0.35,Standard,Keller2018-vllm-deepread_compressed.md,,,,,,,
Greedy2022,GO,GO-F30,0.2,0.55,0.35,Standard,Greedy2022-vllm-deepread_compressed.md,,,,,,,
Garret2020,LO,LO-F03,0.2,0.55,0.35,Standard,Garret2020-vllm-deepread_compressed.md,,,,,,,
Friston2010,LO,LO-F23,1.0,0.65,0.35,Standard,Friston2010-vllm-deepread_compressed.md,,,,,,,
Srinivasan1982,LO,LO-F10,0.2,0.55,0.35,Standard,Srinivasan1982-vllm-deepread_compressed.md,,,,,,,
Bastos2012,GO,GO-F17,1.0,0.65,0.35,Standard,Bastos2012-vllm-deepread_compressed.md,,,,,,,
VanDerveer2021,GO,GO-F20,0.2,0.55,0.35,Standard,VanDerveer2021-vllm-deepread_compressed.md,,,,,,,
Bastos2012,GO,GO-F23,1.0,0.65,0.35,Standard,Bastos2012-vllm-deepread_compressed.md,,,,,,,
Attinger2017,GO,GO-F25,0.2,0.55,0.35,Standard,Attinger2017-vllm-deepread_compressed.md,,,,,,,
Furutachi2024,LO,LO-F24,1.0,0.65,0.35,Standard,Furutachi2024-vllm-deepread_compressed.md,,,,,,,
Bastos2012,LO,LO-F17,1.0,0.65,0.35,Standard,Bastos2012-vllm-deepread_compressed.md,,,,,,,
Greedy2022,LO,LO-F05,0.2,0.55,0.35,Standard,Greedy2022-vllm-deepread_compressed.md,,,,,,,
Friston2010,LO,LO-F11,0.2,0.55,0.35,Standard,Friston2010-vllm-deepread_compressed.md,,,,,,,
Bastos2020,GO,GO-F07,0.0,0.35,0.35,Standard,Bastos2020-vllm-deepread_compressed.md,,,,,,,
Bastos2020,GO,GO-F29,1.0,0.65,0.35,Standard,Bastos2020-vllm-deepread_compressed.md,,,,,,,
Attinger2017,LO,LO-F02,0.2,0.543,0.343,Standard,Attinger2017-vllm-deepread_compressed.md,,,,,,,
LeeMejias2025,LO,LO-F01,1.0,0.657,0.343,Standard,LeeMejias2025-vllm-deepread_compressed.md,,,,,,,
LeeMejias2025,LO,LO-F03,1.0,0.657,0.343,Standard,LeeMejias2025-vllm-deepread_compressed.md,,,,,,,
Friston2010,GO,GO-F21,0.2,0.54,0.34,Standard,Friston2010-vllm-deepread_compressed.md,,,,,,,
Bastos2020,GO,GO-F03,0.2,0.54,0.34,Standard,Bastos2020-vllm-deepread_compressed.md,,,,,,,
Attinger2017,GO,GO-F33,0.2,0.54,0.34,Standard,Attinger2017-vllm-deepread_compressed.md,,,,,,,
Spratling2008,LO,LO-F01,0.6,0.267,0.333,Standard,Spratling2008-vllm-deepread_compressed.md,,,,,,,
Garret2020,GO,GO-F27,0.2,0.533,0.333,Standard,Garret2020-vllm-deepread_compressed.md,,,,,,,
Furutachi2024,GO,GO-F01,0.6,0.267,0.333,Standard,Furutachi2024-vllm-deepread_compressed.md,,,,,,,
VanDerveer2021,LO,LO-F27,0.2,0.533,0.333,Standard,VanDerveer2021-vllm-deepread_compressed.md,,,,,,,
LeeMejias2025,LO,LO-F08,0.2,0.533,0.333,Standard,LeeMejias2025-vllm-deepread_compressed.md,,,,,,,
Rao2024,GO,GO-F21,0.2,0.533,0.333,Standard,Rao2024-vllm-deepread_compressed.md,,,,,,,
Keller2018,GO,GO-F34,0.2,0.533,0.333,Standard,Keller2018-vllm-deepread_compressed.md,,,,,,,
Hertag2020,LO,LO-F09,1.0,0.667,0.333,Standard,Hertag2020-vllm-deepread_compressed.md,,,,,,,
Spratling2008,LO,LO-F25,0.2,0.533,0.333,Standard,Spratling2008-vllm-deepread_compressed.md,,,,,,,
Furutachi2024,LO,LO-F04,0.2,0.533,0.333,Standard,Furutachi2024-vllm-deepread_compressed.md,,,,,,,
Friston2010,GO,GO-F06,1.0,0.671,0.329,Standard,Friston2010-vllm-deepread_compressed.md,,,,,,,
LeeMejias2025,GO,GO-F20,0.2,0.525,0.325,Standard,LeeMejias2025-vllm-deepread_compressed.md,,,,,,,
Bastos2020,LO,LO-F03,0.2,0.525,0.325,Standard,Bastos2020-vllm-deepread_compressed.md,,,,,,,
Friston2010,GO,GO-F26,1.0,0.675,0.325,Standard,Friston2010-vllm-deepread_compressed.md,,,,,,,
LaoRodriguez2023,GO,GO-F18,0.0,0.325,0.325,Standard,LaoRodriguez2023-vllm-deepread_compressed.md,,,,,,,
Hertag2020,GO,GO-F09,1.0,0.68,0.32,Standard,Hertag2020-vllm-deepread_compressed.md,,,,,,,
Mikulasch2023,LO,LO-F09,0.2,0.52,0.32,Standard,Mikulasch2023-vllm-deepread_compressed.md,,,,,,,
LeeMejias2025,GO,GO-F01,1.0,0.683,0.317,Standard,LeeMejias2025-vllm-deepread_compressed.md,,,,,,,
Bastos2020,GO,GO-F13,1.0,0.683,0.317,Standard,Bastos2020-vllm-deepread_compressed.md,,,,,,,
VanDerveer2021,GO,GO-F06,0.2,0.517,0.317,Standard,VanDerveer2021-vllm-deepread_compressed.md,,,,,,,
Friston2010,GO,GO-F24,0.2,0.517,0.317,Standard,Friston2010-vllm-deepread_compressed.md,,,,,,,
Attinger2017,GO,GO-F11,1.0,0.688,0.312,Standard,Attinger2017-vllm-deepread_compressed.md,,,,,,,
Greedy2022,GO,GO-F25,0.2,0.5,0.3,Standard,Greedy2022-vllm-deepread_compressed.md,,,,,,,
Bastos2012,GO,GO-F03,1.0,0.7,0.3,Standard,Bastos2012-vllm-deepread_compressed.md,,,,,,,
Bastos2020,GO,GO-F18,1.0,0.7,0.3,Standard,Bastos2020-vllm-deepread_compressed.md,,,,,,,
Attinger2017,LO,LO-F18,0.6,0.9,0.3,Standard,Attinger2017-vllm-deepread_compressed.md,,,,,,,
VanDerveer2021,GO,GO-F02,0.0,0.3,0.3,Standard,VanDerveer2021-vllm-deepread_compressed.md,,,,,,,
Kiebel2008,GO,GO-F01,0.2,0.5,0.3,Standard,Kiebel2008-vllm-deepread_compressed.md,,,,,,,
VanDerveer2021,GO,GO-F27,0.2,0.5,0.3,Standard,VanDerveer2021-vllm-deepread_compressed.md,,,,,,,
LeeMejias2025,LO,LO-F30,0.2,0.5,0.3,Standard,LeeMejias2025-vllm-deepread_compressed.md,,,,,,,
LeeMejias2025,LO,LO-F25,0.6,0.9,0.3,Standard,LeeMejias2025-vllm-deepread_compressed.md,,,,,,,
Furutachi2024,LO,LO-F25,0.2,0.5,0.3,Standard,Furutachi2024-vllm-deepread_compressed.md,,,,,,,
Furutachi2024,GO,GO-F25,0.2,0.5,0.3,Standard,Furutachi2024-vllm-deepread_compressed.md,,,,,,,
Sacramento2018,LO,LO-F01,1.0,0.7,0.3,Standard,Sacramento2018-vllm-deepread_compressed.md,,,,,,,
Attinger2017,GO,GO-F03,1.0,0.7,0.3,Standard,Attinger2017-vllm-deepread_compressed.md,,,,,,,
VanDerveer2021,LO,LO-F20,0.2,0.5,0.3,Standard,VanDerveer2021-vllm-deepread_compressed.md,,,,,,,
Mikulasch2023,LO,LO-F26,0.6,0.9,0.3,Standard,Mikulasch2023-vllm-deepread_compressed.md,,,,,,,
Hertag2020,GO,GO-F15,0.2,0.5,0.3,Standard,Hertag2020-vllm-deepread_compressed.md,,,,,,,
Hertag2020,GO,GO-F26,0.2,0.5,0.3,Standard,Hertag2020-vllm-deepread_compressed.md,,,,,,,
Spratling2008,GO,GO-F25,0.2,0.5,0.3,Standard,Spratling2008-vllm-deepread_compressed.md,,,,,,,
Bastos2012,LO,LO-F23,1.0,0.7,0.3,Standard,Bastos2012-vllm-deepread_compressed.md,,,,,,,
Srinivasan1982,LO,LO-F27,0.0,-0.3,0.3,Standard,Srinivasan1982-vllm-deepread_compressed.md,,,,,,,
Friston2010,GO,GO-F13,1.0,0.7,0.3,Standard,Friston2010-vllm-deepread_compressed.md,,,,,,,
Bastos2012,LO,LO-F03,1.0,0.7,0.3,Standard,Bastos2012-vllm-deepread_compressed.md,,,,,,,
Bekinschtein2009,LO,LO-F27,0.2,0.5,0.3,Standard,Bekinschtein2009-vllm-deepread_compressed.md,,,,,,,
Friston2010,LO,LO-F18,1.0,0.7,0.3,Standard,Friston2010-vllm-deepread_compressed.md,,,,,,,
Spratling2010,GO,GO-F17,0.2,0.5,0.3,Standard,Spratling2010-vllm-deepread_compressed.md,,,,,,,
Sacramento2018,GO,GO-F01,1.0,0.7,0.3,Standard,Sacramento2018-vllm-deepread_compressed.md,,,,,,,
LeeMejias2025,GO,GO-F30,0.2,0.5,0.3,Standard,LeeMejias2025-vllm-deepread_compressed.md,,,,,,,
Greedy2022,GO,GO-F29,0.2,0.5,0.3,Standard,Greedy2022-vllm-deepread_compressed.md,,,,,,,
Spratling2010,LO,LO-F13,0.0,0.3,0.3,Standard,Spratling2010-vllm-deepread_compressed.md,,,,,,,
LeeMejias2025,GO,GO-F25,0.6,0.9,0.3,Standard,LeeMejias2025-vllm-deepread_compressed.md,,,,,,,
Hertag2020,LO,LO-F01,1.0,0.7,0.3,Standard,Hertag2020-vllm-deepread_compressed.md,,,,,,,
Friston2010,GO,GO-F10,1.0,0.7,0.3,Standard,Friston2010-vllm-deepread_compressed.md,,,,,,,
Friston2010,LO,LO-F24,0.2,0.483,0.283,Standard,Friston2010-vllm-deepread_compressed.md,,,,,,,
Bastos2012,LO,LO-F06,1.0,0.717,0.283,Standard,Bastos2012-vllm-deepread_compressed.md,,,,,,,
LeeMejias2025,GO,GO-F23,1.0,0.717,0.283,Standard,LeeMejias2025-vllm-deepread_compressed.md,,,,,,,
Bastos2020,GO,GO-F16,1.0,0.717,0.283,Standard,Bastos2020-vllm-deepread_compressed.md,,,,,,,
Mikulasch2023,LO,LO-F05,0.2,0.483,0.283,Standard,Mikulasch2023-vllm-deepread_compressed.md,,,,,,,
Bastos2012,GO,GO-F19,1.0,0.717,0.283,Standard,Bastos2012-vllm-deepread_compressed.md,,,,,,,
Hertag2020,GO,GO-F01,1.0,0.717,0.283,Standard,Hertag2020-vllm-deepread_compressed.md,,,,,,,
Friston2010,LO,LO-F34,1.0,0.72,0.28,Standard,Friston2010-vllm-deepread_compressed.md,,,,,,,
Mikulasch2023,GO,GO-F09,0.2,0.48,0.28,Standard,Mikulasch2023-vllm-deepread_compressed.md,,,,,,,
Keller2012,LO,LO-F12,1.0,0.72,0.28,Standard,Keller2012-vllm-deepread_compressed.md,,,,,,,
Bastos2020,GO,GO-F33,0.2,0.48,0.28,Standard,Bastos2020-vllm-deepread_compressed.md,,,,,,,
Bastos2012,GO,GO-F13,1.0,0.725,0.275,Standard,Bastos2012-vllm-deepread_compressed.md,,,,,,,
Bastos2020,LO,LO-F33,0.2,0.475,0.275,Standard,Bastos2020-vllm-deepread_compressed.md,,,,,,,
Friston2010,GO,GO-F18,1.0,0.725,0.275,Standard,Friston2010-vllm-deepread_compressed.md,,,,,,,
Srinivasan1982,LO,LO-F23,0.6,0.875,0.275,Standard,Srinivasan1982-vllm-deepread_compressed.md,,,,,,,
Attinger2017,LO,LO-F03,1.0,0.725,0.275,Standard,Attinger2017-vllm-deepread_compressed.md,,,,,,,
Garret2020,LO,LO-F12,1.0,0.725,0.275,Standard,Garret2020-vllm-deepread_compressed.md,,,,,,,
Kiebel2008,GO,GO-F34,0.6,0.875,0.275,Standard,Kiebel2008-vllm-deepread_compressed.md,,,,,,,
Attinger2017,GO,GO-F12,0.6,0.329,0.271,Standard,Attinger2017-vllm-deepread_compressed.md,,,,,,,
Payeur2021,LO,LO-F10,0.2,0.467,0.267,Standard,Payeur2021-vllm-deepread_compressed.md,,,,,,,
Bastos2020,LO,LO-F29,1.0,0.733,0.267,Standard,Bastos2020-vllm-deepread_compressed.md,,,,,,,
Bastos2020,GO,GO-F20,1.0,0.733,0.267,Standard,Bastos2020-vllm-deepread_compressed.md,,,,,,,
Bastos2020,LO,LO-F21,1.0,0.733,0.267,Standard,Bastos2020-vllm-deepread_compressed.md,,,,,,,
Payeur2021,GO,GO-F10,0.2,0.467,0.267,Standard,Payeur2021-vllm-deepread_compressed.md,,,,,,,
Spratling2010,GO,GO-F13,0.0,0.267,0.267,Standard,Spratling2010-vllm-deepread_compressed.md,,,,,,,
Hertag2020,GO,GO-F10,0.2,0.467,0.267,Standard,Hertag2020-vllm-deepread_compressed.md,,,,,,,
Bastos2012,GO,GO-F18,1.0,0.733,0.267,Standard,Bastos2012-vllm-deepread_compressed.md,,,,,,,
Bastos2012,GO,GO-F02,0.2,0.467,0.267,Standard,Bastos2012-vllm-deepread_compressed.md,,,,,,,
Attinger2017,GO,GO-F18,0.6,0.863,0.263,Standard,Attinger2017-vllm-deepread_compressed.md,,,,,,,
LeeMejias2025,LO,LO-F19,1.0,0.74,0.26,Standard,LeeMejias2025-vllm-deepread_compressed.md,,,,,,,
Mikulasch2023,GO,GO-F07,0.2,0.46,0.26,Standard,Mikulasch2023-vllm-deepread_compressed.md,,,,,,,
Mikulasch2023,LO,LO-F07,0.2,0.46,0.26,Standard,Mikulasch2023-vllm-deepread_compressed.md,,,,,,,
Bastos2020,LO,LO-F23,1.0,0.74,0.26,Standard,Bastos2020-vllm-deepread_compressed.md,,,,,,,
Friston2010,GO,GO-F34,1.0,0.74,0.26,Standard,Friston2010-vllm-deepread_compressed.md,,,,,,,
Hertag2020,LO,LO-F18,0.6,0.86,0.26,Standard,Hertag2020-vllm-deepread_compressed.md,,,,,,,
Spratling2008,GO,GO-F07,0.2,0.46,0.26,Standard,Spratling2008-vllm-deepread_compressed.md,,,,,,,
LeeMejias2025,GO,GO-F19,1.0,0.74,0.26,Standard,LeeMejias2025-vllm-deepread_compressed.md,,,,,,,
Nejad2025,GO,GO-F25,0.6,0.86,0.26,Standard,Nejad2025-vllm-deepread_compressed.md,,,,,,,
Attinger2017,LO,LO-F09,1.0,0.75,0.25,Standard,Attinger2017-vllm-deepread_compressed.md,,,,,,,
Hertag2020,LO,LO-F26,0.2,0.45,0.25,Standard,Hertag2020-vllm-deepread_compressed.md,,,,,,,
Keller2018,LO,LO-F12,0.6,0.85,0.25,Standard,Keller2018-vllm-deepread_compressed.md,,,,,,,
Spratling2010,GO,GO-F24,0.0,-0.25,0.25,Standard,Spratling2010-vllm-deepread_compressed.md,,,,,,,
Garret2020,GO,GO-F09,1.0,0.75,0.25,Standard,Garret2020-vllm-deepread_compressed.md,,,,,,,
Keller2018,LO,LO-F25,1.0,0.75,0.25,Standard,Keller2018-vllm-deepread_compressed.md,,,,,,,
Spratling2010,LO,LO-F24,0.0,-0.25,0.25,Standard,Spratling2010-vllm-deepread_compressed.md,,,,,,,
Kiebel2008,LO,LO-F34,0.6,0.85,0.25,Standard,Kiebel2008-vllm-deepread_compressed.md,,,,,,,
Mikulasch2023,LO,LO-F23,0.6,0.85,0.25,Standard,Mikulasch2023-vllm-deepread_compressed.md,,,,,,,
LeeMejias2025,GO,GO-F03,1.0,0.75,0.25,Standard,LeeMejias2025-vllm-deepread_compressed.md,,,,,,,
Spratling2010,GO,GO-F02,1.0,0.76,0.24,Standard,Spratling2010-vllm-deepread_compressed.md,,,,,,,
Kiebel2008,GO,GO-F12,1.0,0.76,0.24,Standard,Kiebel2008-vllm-deepread_compressed.md,,,,,,,
Hertag2020,GO,GO-F18,0.6,0.84,0.24,Standard,Hertag2020-vllm-deepread_compressed.md,,,,,,,
Nejad2025,LO,LO-F25,0.6,0.84,0.24,Standard,Nejad2025-vllm-deepread_compressed.md,,,,,,,
Furutachi2024,LO,LO-F12,0.6,0.367,0.233,Standard,Furutachi2024-vllm-deepread_compressed.md,,,,,,,
Bastos2020,LO,LO-F06,1.0,0.767,0.233,Standard,Bastos2020-vllm-deepread_compressed.md,,,,,,,
Rao2024,LO,LO-F34,0.6,0.833,0.233,Standard,Rao2024-vllm-deepread_compressed.md,,,,,,,
Bastos2020,LO,LO-F08,1.0,0.767,0.233,Standard,Bastos2020-vllm-deepread_compressed.md,,,,,,,
Rao2024,GO,GO-F34,0.6,0.833,0.233,Standard,Rao2024-vllm-deepread_compressed.md,,,,,,,
Bekinschtein2009,LO,LO-F34,0.0,0.233,0.233,Standard,Bekinschtein2009-vllm-deepread_compressed.md,,,,,,,
Attinger2017,GO,GO-F35,0.6,0.367,0.233,Standard,Attinger2017-vllm-deepread_compressed.md,,,,,,,
Keller2018,LO,LO-F18,0.6,0.833,0.233,Standard,Keller2018-vllm-deepread_compressed.md,,,,,,,
LaoRodriguez2023,LO,LO-F05,0.6,0.367,0.233,Standard,LaoRodriguez2023-vllm-deepread_compressed.md,,,,,,,
Bastos2012,LO,LO-F18,1.0,0.767,0.233,Standard,Bastos2012-vllm-deepread_compressed.md,,,,,,,
Attinger2017,LO,LO-F35,0.6,0.367,0.233,Standard,Attinger2017-vllm-deepread_compressed.md,,,,,,,
Hertag2020,GO,GO-F13,0.2,0.433,0.233,Standard,Hertag2020-vllm-deepread_compressed.md,,,,,,,
LeeMejias2025,GO,GO-F12,0.6,0.825,0.225,Standard,LeeMejias2025-vllm-deepread_compressed.md,,,,,,,
Attinger2017,GO,GO-F09,1.0,0.775,0.225,Standard,Attinger2017-vllm-deepread_compressed.md,,,,,,,
Srinivasan1982,LO,LO-F13,0.6,0.825,0.225,Standard,Srinivasan1982-vllm-deepread_compressed.md,,,,,,,
Kiebel2008,GO,GO-F13,0.6,0.375,0.225,Standard,Kiebel2008-vllm-deepread_compressed.md,,,,,,,
Mikulasch2023,LO,LO-F03,0.6,0.825,0.225,Standard,Mikulasch2023-vllm-deepread_compressed.md,,,,,,,
Rao2024,GO,GO-F24,0.6,0.825,0.225,Standard,Rao2024-vllm-deepread_compressed.md,,,,,,,
Mikulasch2023,LO,LO-F25,0.6,0.375,0.225,Standard,Mikulasch2023-vllm-deepread_compressed.md,,,,,,,
Nejad2025,LO,LO-F26,0.2,0.425,0.225,Standard,Nejad2025-vllm-deepread_compressed.md,,,,,,,
Mikulasch2023,LO,LO-F34,0.6,0.38,0.22,Standard,Mikulasch2023-vllm-deepread_compressed.md,,,,,,,
Bekinschtein2009,LO,LO-F13,0.6,0.82,0.22,Standard,Bekinschtein2009-vllm-deepread_compressed.md,,,,,,,
Bastos2020,LO,LO-F13,1.0,0.78,0.22,Standard,Bastos2020-vllm-deepread_compressed.md,,,,,,,
Kiebel2008,LO,LO-F17,0.6,0.82,0.22,Standard,Kiebel2008-vllm-deepread_compressed.md,,,,,,,
Spratling2008,LO,LO-F07,0.2,0.42,0.22,Standard,Spratling2008-vllm-deepread_compressed.md,,,,,,,
Garret2020,GO,GO-F13,0.0,-0.22,0.22,Standard,Garret2020-vllm-deepread_compressed.md,,,,,,,
Wacongne2011,LO,LO-F05,-0.6,-0.38,0.22,Standard,Wacongne2011-vllm-deepread_compressed.md,,,,,,,
LeeMejias2025,GO,GO-F06,1.0,0.783,0.217,Standard,LeeMejias2025-vllm-deepread_compressed.md,,,,,,,
Bastos2020,LO,LO-F20,1.0,0.8,0.2,Standard,Bastos2020-vllm-deepread_compressed.md,,,,,,,
Payeur2021,LO,LO-F01,0.0,0.2,0.2,Standard,Payeur2021-vllm-deepread_compressed.md,,,,,,,
Bastos2020,LO,LO-F18,1.0,0.8,0.2,Standard,Bastos2020-vllm-deepread_compressed.md,,,,,,,
Bastos2020,LO,LO-F16,1.0,0.8,0.2,Standard,Bastos2020-vllm-deepread_compressed.md,,,,,,,
Yamins2014,LO,LO-F21,0.2,0.4,0.2,Standard,Yamins2014-vllm-deepread_compressed.md,,,,,,,
Nejad2025,GO,GO-F26,0.2,0.4,0.2,Standard,Nejad2025-vllm-deepread_compressed.md,,,,,,,
Mikulasch2023,GO,GO-F31,0.6,0.4,0.2,Standard,Mikulasch2023-vllm-deepread_compressed.md,,,,,,,
Bastos2012,GO,GO-F06,1.0,0.8,0.2,Standard,Bastos2012-vllm-deepread_compressed.md,,,,,,,
Wacongne2011,GO,GO-F23,0.6,0.8,0.2,Standard,Wacongne2011-vllm-deepread_compressed.md,,,,,,,
Kiebel2008,GO,GO-F25,0.6,0.8,0.2,Standard,Kiebel2008-vllm-deepread_compressed.md,,,,,,,
Payeur2021,GO,GO-F01,0.0,0.2,0.2,Standard,Payeur2021-vllm-deepread_compressed.md,,,,,,,
Furutachi2024,LO,LO-F34,0.0,-0.2,0.2,Standard,Furutachi2024-vllm-deepread_compressed.md,,,,,,,
LaoRodriguez2023,LO,LO-F36,0.6,0.4,0.2,Standard,LaoRodriguez2023-vllm-deepread_compressed.md,,,,,,,
LaoRodriguez2023,LO,LO-F33,0.6,0.4,0.2,Standard,LaoRodriguez2023-vllm-deepread_compressed.md,,,,,,,
Bastos2020,GO,GO-F06,1.0,0.8,0.2,Standard,Bastos2020-vllm-deepread_compressed.md,,,,,,,
Greedy2022,LO,LO-F34,0.2,0.4,0.2,Standard,Greedy2022-vllm-deepread_compressed.md,,,,,,,
Spratling2010,GO,GO-F30,0.2,0.4,0.2,Standard,Spratling2010-vllm-deepread_compressed.md,,,,,,,
Greedy2022,GO,GO-F34,0.2,0.4,0.2,Standard,Greedy2022-vllm-deepread_compressed.md,,,,,,,
Hertag2020,LO,LO-F06,1.0,0.8,0.2,Standard,Hertag2020-vllm-deepread_compressed.md,,,,,,,
Sacramento2018,LO,LO-F33,0.2,0.4,0.2,Standard,Sacramento2018-vllm-deepread_compressed.md,,,,,,,
Sacramento2018,GO,GO-F06,0.6,0.8,0.2,Standard,Sacramento2018-vllm-deepread_compressed.md,,,,,,,
Kiebel2008,GO,GO-F19,0.6,0.8,0.2,Standard,Kiebel2008-vllm-deepread_compressed.md,,,,,,,
Sacramento2018,GO,GO-F33,0.2,0.4,0.2,Standard,Sacramento2018-vllm-deepread_compressed.md,,,,,,,
Kiebel2008,LO,LO-F25,0.6,0.8,0.2,Standard,Kiebel2008-vllm-deepread_compressed.md,,,,,,,
Kiebel2008,LO,LO-F22,0.2,0.4,0.2,Standard,Kiebel2008-vllm-deepread_compressed.md,,,,,,,
Keller2012,LO,LO-F27,0.2,0.4,0.2,Standard,Keller2012-vllm-deepread_compressed.md,,,,,,,
Kiebel2008,LO,LO-F18,0.6,0.8,0.2,Standard,Kiebel2008-vllm-deepread_compressed.md,,,,,,,
Spratling2010,LO,LO-F30,0.2,0.4,0.2,Standard,Spratling2010-vllm-deepread_compressed.md,,,,,,,
Keller2018,LO,LO-F06,1.0,0.8,0.2,Standard,Keller2018-vllm-deepread_compressed.md,,,,,,,
Furutachi2024,GO,GO-F33,0.0,0.2,0.2,Standard,Furutachi2024-vllm-deepread_compressed.md,,,,,,,
Srinivasan1982,LO,LO-F03,0.6,0.8,0.2,Standard,Srinivasan1982-vllm-deepread_compressed.md,,,,,,,
LaoRodriguez2023,GO,GO-F36,0.6,0.4,0.2,Standard,LaoRodriguez2023-vllm-deepread_compressed.md,,,,,,,
Mikulasch2023,LO,LO-F18,0.6,0.8,0.2,Standard,Mikulasch2023-vllm-deepread_compressed.md,,,,,,,
Friston2010,GO,GO-F23,1.0,0.8,0.2,Standard,Friston2010-vllm-deepread_compressed.md,,,,,,,
LeeMejias2025,LO,LO-F12,1.0,0.8,0.2,Standard,LeeMejias2025-vllm-deepread_compressed.md,,,,,,,
VanDerveer2021,LO,LO-F10,0.2,0.4,0.2,Standard,VanDerveer2021-vllm-deepread_compressed.md,,,,,,,
Bekinschtein2009,GO,GO-F06,0.6,0.4,0.2,Standard,Bekinschtein2009-vllm-deepread_compressed.md,,,,,,,
LeeMejias2025,LO,LO-F09,1.0,0.8,0.2,Standard,LeeMejias2025-vllm-deepread_compressed.md,,,,,,,
LeeMejias2025,LO,LO-F06,1.0,0.8,0.2,Standard,LeeMejias2025-vllm-deepread_compressed.md,,,,,,,
Furutachi2024,LO,LO-F32,0.2,0.4,0.2,Standard,Furutachi2024-vllm-deepread_compressed.md,,,,,,,
Keller2018,LO,LO-F23,0.6,0.786,0.186,Standard,Keller2018-vllm-deepread_compressed.md,,,,,,,
Attinger2017,GO,GO-F06,0.6,0.786,0.186,Standard,Attinger2017-vllm-deepread_compressed.md,,,,,,,
LeeMejias2025,GO,GO-F09,1.0,0.814,0.186,Standard,LeeMejias2025-vllm-deepread_compressed.md,,,,,,,
Keller2012,LO,LO-F18,0.6,0.783,0.183,Standard,Keller2012-vllm-deepread_compressed.md,,,,,,,
Keller2018,GO,GO-F18,0.6,0.783,0.183,Standard,Keller2018-vllm-deepread_compressed.md,,,,,,,
Bastos2012,GO,GO-F25,1.0,0.82,0.18,Standard,Bastos2012-vllm-deepread_compressed.md,,,,,,,
Spratling2010,LO,LO-F02,1.0,0.82,0.18,Standard,Spratling2010-vllm-deepread_compressed.md,,,,,,,
Friston2010,LO,LO-F01,0.6,0.78,0.18,Standard,Friston2010-vllm-deepread_compressed.md,,,,,,,
Friston2010,GO,GO-F01,0.6,0.78,0.18,Standard,Friston2010-vllm-deepread_compressed.md,,,,,,,
Spratling2010,GO,GO-F06,1.0,0.82,0.18,Standard,Spratling2010-vllm-deepread_compressed.md,,,,,,,
Keller2018,GO,GO-F12,1.0,0.82,0.18,Standard,Keller2018-vllm-deepread_compressed.md,,,,,,,
Hertag2020,GO,GO-F03,1.0,0.82,0.18,Standard,Hertag2020-vllm-deepread_compressed.md,,,,,,,
Rao2024,LO,LO-F24,0.6,0.775,0.175,Standard,Rao2024-vllm-deepread_compressed.md,,,,,,,
Kiebel2008,GO,GO-F27,0.6,0.775,0.175,Standard,Kiebel2008-vllm-deepread_compressed.md,,,,,,,
Bastos2012,LO,LO-F13,1.0,0.825,0.175,Standard,Bastos2012-vllm-deepread_compressed.md,,,,,,,
VanDerveer2021,GO,GO-F10,0.2,0.375,0.175,Standard,VanDerveer2021-vllm-deepread_compressed.md,,,,,,,
Garret2020,LO,LO-F09,0.6,0.775,0.175,Standard,Garret2020-vllm-deepread_compressed.md,,,,,,,
Attinger2017,GO,GO-F02,0.2,0.371,0.171,Standard,Attinger2017-vllm-deepread_compressed.md,,,,,,,
Keller2018,GO,GO-F23,0.6,0.771,0.171,Standard,Keller2018-vllm-deepread_compressed.md,,,,,,,
Rao2024,GO,GO-F27,0.6,0.767,0.167,Standard,Rao2024-vllm-deepread_compressed.md,,,,,,,
Furutachi2024,LO,LO-F11,0.6,0.433,0.167,Standard,Furutachi2024-vllm-deepread_compressed.md,,,,,,,
Hertag2020,LO,LO-F03,1.0,0.833,0.167,Standard,Hertag2020-vllm-deepread_compressed.md,,,,,,,
Rao2024,GO,GO-F18,0.6,0.767,0.167,Standard,Rao2024-vllm-deepread_compressed.md,,,,,,,
Bastos2012,LO,LO-F24,0.6,0.767,0.167,Standard,Bastos2012-vllm-deepread_compressed.md,,,,,,,
Spratling2010,GO,GO-F32,0.6,0.433,0.167,Standard,Spratling2010-vllm-deepread_compressed.md,,,,,,,
Spratling2010,GO,GO-F01,-0.2,-0.033,0.167,Standard,Spratling2010-vllm-deepread_compressed.md,,,,,,,
Sacramento2018,LO,LO-F06,0.6,0.767,0.167,Standard,Sacramento2018-vllm-deepread_compressed.md,,,,,,,
Bastos2020,GO,GO-F08,1.0,0.833,0.167,Standard,Bastos2020-vllm-deepread_compressed.md,,,,,,,
Nejad2025,LO,LO-F12,0.6,0.767,0.167,Standard,Nejad2025-vllm-deepread_compressed.md,,,,,,,
Rao2024,GO,GO-F31,0.6,0.767,0.167,Standard,Rao2024-vllm-deepread_compressed.md,,,,,,,
Attinger2017,LO,LO-F01,1.0,0.838,0.162,Standard,Attinger2017-vllm-deepread_compressed.md,,,,,,,
Attinger2017,GO,GO-F01,1.0,0.838,0.162,Standard,Attinger2017-vllm-deepread_compressed.md,,,,,,,
Wacongne2011,LO,LO-F04,0.0,0.16,0.16,Standard,Wacongne2011-vllm-deepread_compressed.md,,,,,,,
Spratling2010,LO,LO-F06,1.0,0.84,0.16,Standard,Spratling2010-vllm-deepread_compressed.md,,,,,,,
Attinger2017,LO,LO-F06,0.6,0.757,0.157,Standard,Attinger2017-vllm-deepread_compressed.md,,,,,,,
Attinger2017,LO,LO-F11,1.0,0.843,0.157,Standard,Attinger2017-vllm-deepread_compressed.md,,,,,,,
Rao2024,LO,LO-F06,0.6,0.45,0.15,Standard,Rao2024-vllm-deepread_compressed.md,,,,,,,
LaoRodriguez2023,GO,GO-F33,0.6,0.45,0.15,Standard,LaoRodriguez2023-vllm-deepread_compressed.md,,,,,,,
Bekinschtein2009,GO,GO-F21,0.6,0.75,0.15,Standard,Bekinschtein2009-vllm-deepread_compressed.md,,,,,,,
Bastos2012,GO,GO-F24,0.6,0.75,0.15,Standard,Bastos2012-vllm-deepread_compressed.md,,,,,,,
LaoRodriguez2023,LO,LO-F24,0.2,0.35,0.15,Standard,LaoRodriguez2023-vllm-deepread_compressed.md,,,,,,,
LaoRodriguez2023,LO,LO-F10,0.2,0.35,0.15,Standard,LaoRodriguez2023-vllm-deepread_compressed.md,,,,,,,
Furutachi2024,LO,LO-F03,0.6,0.45,0.15,Standard,Furutachi2024-vllm-deepread_compressed.md,,,,,,,
Hertag2020,GO,GO-F25,0.6,0.75,0.15,Standard,Hertag2020-vllm-deepread_compressed.md,,,,,,,
Yamins2014,GO,GO-F21,0.2,0.35,0.15,Standard,Yamins2014-vllm-deepread_compressed.md,,,,,,,
Hertag2020,GO,GO-F06,1.0,0.85,0.15,Standard,Hertag2020-vllm-deepread_compressed.md,,,,,,,
Bekinschtein2009,GO,GO-F10,0.6,0.75,0.15,Standard,Bekinschtein2009-vllm-deepread_compressed.md,,,,,,,
Keller2018,LO,LO-F01,0.6,0.75,0.15,Standard,Keller2018-vllm-deepread_compressed.md,,,,,,,
Keller2018,GO,GO-F06,0.6,0.743,0.143,Standard,Keller2018-vllm-deepread_compressed.md,,,,,,,
Mikulasch2023,LO,LO-F02,0.6,0.74,0.14,Standard,Mikulasch2023-vllm-deepread_compressed.md,,,,,,,
Rao2024,LO,LO-F26,0.6,0.733,0.133,Standard,Rao2024-vllm-deepread_compressed.md,,,,,,,
Rao2024,LO,LO-F31,0.6,0.733,0.133,Standard,Rao2024-vllm-deepread_compressed.md,,,,,,,
Rao2024,GO,GO-F12,0.6,0.467,0.133,Standard,Rao2024-vllm-deepread_compressed.md,,,,,,,
Bastos2012,LO,LO-F35,0.6,0.467,0.133,Standard,Bastos2012-vllm-deepread_compressed.md,,,,,,,
VanDerveer2021,LO,LO-F34,0.6,0.467,0.133,Standard,VanDerveer2021-vllm-deepread_compressed.md,,,,,,,
Rao2024,GO,GO-F25,0.6,0.733,0.133,Standard,Rao2024-vllm-deepread_compressed.md,,,,,,,
Sacramento2018,GO,GO-F11,0.6,0.467,0.133,Standard,Sacramento2018-vllm-deepread_compressed.md,,,,,,,
Sacramento2018,LO,LO-F03,0.6,0.733,0.133,Standard,Sacramento2018-vllm-deepread_compressed.md,,,,,,,
Keller2018,LO,LO-F30,0.2,0.333,0.133,Standard,Keller2018-vllm-deepread_compressed.md,,,,,,,
Hertag2020,LO,LO-F11,1.0,0.867,0.133,Standard,Hertag2020-vllm-deepread_compressed.md,,,,,,,
Keller2018,GO,GO-F30,0.2,0.333,0.133,Standard,Keller2018-vllm-deepread_compressed.md,,,,,,,
Rao2024,LO,LO-F23,0.6,0.733,0.133,Standard,Rao2024-vllm-deepread_compressed.md,,,,,,,
Bastos2012,GO,GO-F35,0.6,0.467,0.133,Standard,Bastos2012-vllm-deepread_compressed.md,,,,,,,
LaoRodriguez2023,GO,GO-F10,0.2,0.333,0.133,Standard,LaoRodriguez2023-vllm-deepread_compressed.md,,,,,,,
Payeur2021,LO,LO-F30,0.2,0.333,0.133,Standard,Payeur2021-vllm-deepread_compressed.md,,,,,,,
Mikulasch2023,LO,LO-F11,0.6,0.733,0.133,Standard,Mikulasch2023-vllm-deepread_compressed.md,,,,,,,
Payeur2021,GO,GO-F30,0.2,0.333,0.133,Standard,Payeur2021-vllm-deepread_compressed.md,,,,,,,
Srinivasan1982,LO,LO-F06,1.0,0.871,0.129,Standard,Srinivasan1982-vllm-deepread_compressed.md,,,,,,,
Rao2024,LO,LO-F27,0.6,0.725,0.125,Standard,Rao2024-vllm-deepread_compressed.md,,,,,,,
VanDerveer2021,LO,LO-F16,0.6,0.725,0.125,Standard,VanDerveer2021-vllm-deepread_compressed.md,,,,,,,
Mikulasch2023,GO,GO-F02,0.6,0.725,0.125,Standard,Mikulasch2023-vllm-deepread_compressed.md,,,,,,,
Kiebel2008,GO,GO-F23,0.6,0.725,0.125,Standard,Kiebel2008-vllm-deepread_compressed.md,,,,,,,
Attinger2017,LO,LO-F12,0.6,0.475,0.125,Standard,Attinger2017-vllm-deepread_compressed.md,,,,,,,
Furutachi2024,GO,GO-F03,0.6,0.475,0.125,Standard,Furutachi2024-vllm-deepread_compressed.md,,,,,,,
Garret2020,GO,GO-F03,0.6,0.475,0.125,Standard,Garret2020-vllm-deepread_compressed.md,,,,,,,
Rao2024,LO,LO-F18,0.6,0.725,0.125,Standard,Rao2024-vllm-deepread_compressed.md,,,,,,,
Kiebel2008,GO,GO-F26,1.0,0.88,0.12,Standard,Kiebel2008-vllm-deepread_compressed.md,,,,,,,
Keller2018,LO,LO-F13,0.6,0.72,0.12,Standard,Keller2018-vllm-deepread_compressed.md,,,,,,,
Bastos2012,LO,LO-F25,1.0,0.88,0.12,Standard,Bastos2012-vllm-deepread_compressed.md,,,,,,,
Bastos2020,LO,LO-F11,0.6,0.48,0.12,Standard,Bastos2020-vllm-deepread_compressed.md,,,,,,,
Keller2018,GO,GO-F03,0.6,0.717,0.117,Standard,Keller2018-vllm-deepread_compressed.md,,,,,,,
LeeMejias2025,GO,GO-F18,1.0,0.883,0.117,Standard,LeeMejias2025-vllm-deepread_compressed.md,,,,,,,
LeeMejias2025,LO,LO-F18,1.0,0.883,0.117,Standard,LeeMejias2025-vllm-deepread_compressed.md,,,,,,,
LeeMejias2025,GO,GO-F11,0.6,0.714,0.114,Standard,LeeMejias2025-vllm-deepread_compressed.md,,,,,,,
Keller2018,LO,LO-F03,0.6,0.7,0.1,Standard,Keller2018-vllm-deepread_compressed.md,,,,,,,
Greedy2022,LO,LO-F01,0.2,0.1,0.1,Standard,Greedy2022-vllm-deepread_compressed.md,,,,,,,
Furutachi2024,GO,GO-F10,0.6,0.7,0.1,Standard,Furutachi2024-vllm-deepread_compressed.md,,,,,,,
Bastos2012,GO,GO-F30,0.6,0.7,0.1,Standard,Bastos2012-vllm-deepread_compressed.md,,,,,,,
Keller2012,LO,LO-F06,0.2,0.3,0.1,Standard,Keller2012-vllm-deepread_compressed.md,,,,,,,
Srinivasan1982,GO,GO-F27,0.0,0.1,0.1,Standard,Srinivasan1982-vllm-deepread_compressed.md,,,,,,,
Garret2020,GO,GO-F35,0.2,0.3,0.1,Standard,Garret2020-vllm-deepread_compressed.md,,,,,,,
Spratling2010,LO,LO-F32,0.6,0.5,0.1,Standard,Spratling2010-vllm-deepread_compressed.md,,,,,,,
Rao2024,LO,LO-F25,0.6,0.7,0.1,Standard,Rao2024-vllm-deepread_compressed.md,,,,,,,
Kiebel2008,LO,LO-F27,0.6,0.7,0.1,Standard,Kiebel2008-vllm-deepread_compressed.md,,,,,,,
Kiebel2008,LO,LO-F19,0.6,0.7,0.1,Standard,Kiebel2008-vllm-deepread_compressed.md,,,,,,,
Bekinschtein2009,LO,LO-F29,0.6,0.7,0.1,Standard,Bekinschtein2009-vllm-deepread_compressed.md,,,,,,,
Spratling2008,LO,LO-F26,0.6,0.7,0.1,Standard,Spratling2008-vllm-deepread_compressed.md,,,,,,,
VanDerveer2021,LO,LO-F26,0.6,0.7,0.1,Standard,VanDerveer2021-vllm-deepread_compressed.md,,,,,,,
Friston2010,GO,GO-F31,0.6,0.7,0.1,Standard,Friston2010-vllm-deepread_compressed.md,,,,,,,
Sacramento2018,GO,GO-F03,0.6,0.7,0.1,Standard,Sacramento2018-vllm-deepread_compressed.md,,,,,,,
Greedy2022,GO,GO-F27,0.6,0.7,0.1,Standard,Greedy2022-vllm-deepread_compressed.md,,,,,,,
Nejad2025,LO,LO-F24,0.6,0.7,0.1,Standard,Nejad2025-vllm-deepread_compressed.md,,,,,,,
Keller2018,GO,GO-F01,0.6,0.7,0.1,Standard,Keller2018-vllm-deepread_compressed.md,,,,,,,
Keller2018,LO,LO-F26,0.6,0.5,0.1,Standard,Keller2018-vllm-deepread_compressed.md,,,,,,,
Keller2018,LO,LO-F11,0.6,0.7,0.1,Standard,Keller2018-vllm-deepread_compressed.md,,,,,,,
Bastos2020,GO,GO-F11,0.6,0.5,0.1,Standard,Bastos2020-vllm-deepread_compressed.md,,,,,,,
LeeMejias2025,GO,GO-F21,0.6,0.5,0.1,Standard,LeeMejias2025-vllm-deepread_compressed.md,,,,,,,
Garret2020,GO,GO-F02,0.2,0.1,0.1,Standard,Garret2020-vllm-deepread_compressed.md,,,,,,,
LaoRodriguez2023,GO,GO-F30,0.2,0.3,0.1,Standard,LaoRodriguez2023-vllm-deepread_compressed.md,,,,,,,
Payeur2021,GO,GO-F27,0.6,0.5,0.1,Standard,Payeur2021-vllm-deepread_compressed.md,,,,,,,
Bastos2012,LO,LO-F30,0.6,0.7,0.1,Standard,Bastos2012-vllm-deepread_compressed.md,,,,,,,
Payeur2021,GO,GO-F26,0.6,0.5,0.1,Standard,Payeur2021-vllm-deepread_compressed.md,,,,,,,
VanDerveer2021,GO,GO-F26,0.6,0.7,0.1,Standard,VanDerveer2021-vllm-deepread_compressed.md,,,,,,,
Furutachi2024,GO,GO-F11,0.6,0.5,0.1,Standard,Furutachi2024-vllm-deepread_compressed.md,,,,,,,
Bekinschtein2009,GO,GO-F30,0.6,0.7,0.1,Standard,Bekinschtein2009-vllm-deepread_compressed.md,,,,,,,
Friston2010,LO,LO-F03,0.6,0.7,0.1,Standard,Friston2010-vllm-deepread_compressed.md,,,,,,,
Sacramento2018,LO,LO-F11,0.6,0.5,0.1,Standard,Sacramento2018-vllm-deepread_compressed.md,,,,,,,
Furutachi2024,GO,GO-F27,0.2,0.3,0.1,Standard,Furutachi2024-vllm-deepread_compressed.md,,,,,,,
LaoRodriguez2023,LO,LO-F32,0.6,0.5,0.1,Standard,LaoRodriguez2023-vllm-deepread_compressed.md,,,,,,,
Bekinschtein2009,GO,GO-F29,0.6,0.7,0.1,Standard,Bekinschtein2009-vllm-deepread_compressed.md,,,,,,,
Rao2024,GO,GO-F26,0.6,0.7,0.1,Standard,Rao2024-vllm-deepread_compressed.md,,,,,,,
Bastos2012,GO,GO-F08,0.6,0.5,0.1,Standard,Bastos2012-vllm-deepread_compressed.md,,,,,,,
Kiebel2008,LO,LO-F06,0.6,0.686,0.086,Standard,Kiebel2008-vllm-deepread_compressed.md,,,,,,,
VanDerveer2021,LO,LO-F06,0.6,0.517,0.083,Standard,VanDerveer2021-vllm-deepread_compressed.md,,,,,,,
LaoRodriguez2023,LO,LO-F04,0.2,0.12,0.08,Standard,LaoRodriguez2023-vllm-deepread_compressed.md,,,,,,,
Hertag2020,GO,GO-F11,1.0,0.92,0.08,Standard,Hertag2020-vllm-deepread_compressed.md,,,,,,,
Kiebel2008,LO,LO-F13,0.6,0.68,0.08,Standard,Kiebel2008-vllm-deepread_compressed.md,,,,,,,
Bastos2012,LO,LO-F08,0.6,0.52,0.08,Standard,Bastos2012-vllm-deepread_compressed.md,,,,,,,
Rao2024,LO,LO-F17,0.6,0.525,0.075,Standard,Rao2024-vllm-deepread_compressed.md,,,,,,,
Kiebel2008,LO,LO-F23,0.6,0.675,0.075,Standard,Kiebel2008-vllm-deepread_compressed.md,,,,,,,
LaoRodriguez2023,GO,GO-F24,0.2,0.275,0.075,Standard,LaoRodriguez2023-vllm-deepread_compressed.md,,,,,,,
Keller2012,LO,LO-F13,0.6,0.675,0.075,Standard,Keller2012-vllm-deepread_compressed.md,,,,,,,
Hertag2020,LO,LO-F25,0.6,0.675,0.075,Standard,Hertag2020-vllm-deepread_compressed.md,,,,,,,
Spratling2008,GO,GO-F02,0.6,0.675,0.075,Standard,Spratling2008-vllm-deepread_compressed.md,,,,,,,
Furutachi2024,GO,GO-F09,1.0,0.925,0.075,Standard,Furutachi2024-vllm-deepread_compressed.md,,,,,,,
Srinivasan1982,LO,LO-F01,1.0,0.929,0.071,Standard,Srinivasan1982-vllm-deepread_compressed.md,,,,,,,
Rao2024,LO,LO-F12,0.6,0.533,0.067,Standard,Rao2024-vllm-deepread_compressed.md,,,,,,,
LeeMejias2025,LO,LO-F17,0.6,0.667,0.067,Standard,LeeMejias2025-vllm-deepread_compressed.md,,,,,,,
Rao2024,GO,GO-F17,0.6,0.533,0.067,Standard,Rao2024-vllm-deepread_compressed.md,,,,,,,
Srinivasan1982,LO,LO-F32,0.6,0.667,0.067,Standard,Srinivasan1982-vllm-deepread_compressed.md,,,,,,,
VanDerveer2021,GO,GO-F01,0.6,0.667,0.067,Standard,VanDerveer2021-vllm-deepread_compressed.md,,,,,,,
Bastos2012,LO,LO-F21,0.6,0.667,0.067,Standard,Bastos2012-vllm-deepread_compressed.md,,,,,,,
Friston2010,GO,GO-F03,0.6,0.667,0.067,Standard,Friston2010-vllm-deepread_compressed.md,,,,,,,
Spratling2010,LO,LO-F07,0.6,0.66,0.06,Standard,Spratling2010-vllm-deepread_compressed.md,,,,,,,
Mikulasch2023,LO,LO-F19,0.6,0.54,0.06,Standard,Mikulasch2023-vllm-deepread_compressed.md,,,,,,,
Wacongne2011,LO,LO-F12,1.0,0.94,0.06,Standard,Wacongne2011-vllm-deepread_compressed.md,,,,,,,
Spratling2008,LO,LO-F21,0.6,0.54,0.06,Standard,Spratling2008-vllm-deepread_compressed.md,,,,,,,
Mikulasch2023,GO,GO-F06,0.6,0.54,0.06,Standard,Mikulasch2023-vllm-deepread_compressed.md,,,,,,,
Mikulasch2023,GO,GO-F03,0.6,0.54,0.06,Standard,Mikulasch2023-vllm-deepread_compressed.md,,,,,,,
Mikulasch2023,LO,LO-F06,0.6,0.54,0.06,Standard,Mikulasch2023-vllm-deepread_compressed.md,,,,,,,
Spratling2008,GO,GO-F10,0.6,0.66,0.06,Standard,Spratling2008-vllm-deepread_compressed.md,,,,,,,
Wacongne2011,GO,GO-F12,1.0,0.94,0.06,Standard,Wacongne2011-vllm-deepread_compressed.md,,,,,,,
Keller2018,GO,GO-F31,0.6,0.54,0.06,Standard,Keller2018-vllm-deepread_compressed.md,,,,,,,
Kiebel2008,LO,LO-F10,0.6,0.54,0.06,Standard,Kiebel2008-vllm-deepread_compressed.md,,,,,,,
Friston2010,LO,LO-F27,0.6,0.55,0.05,Standard,Friston2010-vllm-deepread_compressed.md,,,,,,,
Friston2010,GO,GO-F30,0.6,0.55,0.05,Standard,Friston2010-vllm-deepread_compressed.md,,,,,,,
Furutachi2024,LO,LO-F09,1.0,0.95,0.05,Standard,Furutachi2024-vllm-deepread_compressed.md,,,,,,,
Bekinschtein2009,GO,GO-F22,0.6,0.55,0.05,Standard,Bekinschtein2009-vllm-deepread_compressed.md,,,,,,,
Bekinschtein2009,GO,GO-F27,0.6,0.55,0.05,Standard,Bekinschtein2009-vllm-deepread_compressed.md,,,,,,,
VanDerveer2021,LO,LO-F04,0.6,0.55,0.05,Standard,VanDerveer2021-vllm-deepread_compressed.md,,,,,,,
Furutachi2024,LO,LO-F27,0.2,0.25,0.05,Standard,Furutachi2024-vllm-deepread_compressed.md,,,,,,,
Garret2020,GO,GO-F17,-0.2,-0.25,0.05,Standard,Garret2020-vllm-deepread_compressed.md,,,,,,,
Payeur2021,LO,LO-F09,0.2,0.25,0.05,Standard,Payeur2021-vllm-deepread_compressed.md,,,,,,,
Keller2012,GO,GO-F06,0.2,0.25,0.05,Standard,Keller2012-vllm-deepread_compressed.md,,,,,,,
Sacramento2018,LO,LO-F34,0.6,0.55,0.05,Standard,Sacramento2018-vllm-deepread_compressed.md,,,,,,,
Mikulasch2023,GO,GO-F34,0.6,0.65,0.05,Standard,Mikulasch2023-vllm-deepread_compressed.md,,,,,,,
Mikulasch2023,GO,GO-F32,0.6,0.55,0.05,Standard,Mikulasch2023-vllm-deepread_compressed.md,,,,,,,
Mikulasch2023,GO,GO-F26,0.6,0.65,0.05,Standard,Mikulasch2023-vllm-deepread_compressed.md,,,,,,,
Wacongne2011,GO,GO-F27,0.6,0.55,0.05,Standard,Wacongne2011-vllm-deepread_compressed.md,,,,,,,
Wacongne2011,GO,GO-F22,0.6,0.55,0.05,Standard,Wacongne2011-vllm-deepread_compressed.md,,,,,,,
Wacongne2011,GO,GO-F21,0.6,0.65,0.05,Standard,Wacongne2011-vllm-deepread_compressed.md,,,,,,,
Wacongne2011,LO,LO-F27,0.6,0.55,0.05,Standard,Wacongne2011-vllm-deepread_compressed.md,,,,,,,
Rao2024,LO,LO-F13,0.6,0.65,0.05,Standard,Rao2024-vllm-deepread_compressed.md,,,,,,,
Bastos2012,LO,LO-F27,0.6,0.55,0.05,Standard,Bastos2012-vllm-deepread_compressed.md,,,,,,,
Bastos2012,LO,LO-F34,0.6,0.65,0.05,Standard,Bastos2012-vllm-deepread_compressed.md,,,,,,,
LeeMejias2025,LO,LO-F11,0.6,0.65,0.05,Standard,LeeMejias2025-vllm-deepread_compressed.md,,,,,,,
Rao2024,GO,GO-F23,0.6,0.65,0.05,Standard,Rao2024-vllm-deepread_compressed.md,,,,,,,
Bastos2012,GO,GO-F01,0.6,0.55,0.05,Standard,Bastos2012-vllm-deepread_compressed.md,,,,,,,
Bekinschtein2009,LO,LO-F22,0.6,0.55,0.05,Standard,Bekinschtein2009-vllm-deepread_compressed.md,,,,,,,
LaoRodriguez2023,LO,LO-F12,1.0,0.95,0.05,Standard,LaoRodriguez2023-vllm-deepread_compressed.md,,,,,,,
Bastos2012,GO,GO-F27,0.6,0.55,0.05,Standard,Bastos2012-vllm-deepread_compressed.md,,,,,,,
Bastos2012,GO,GO-F34,0.6,0.65,0.05,Standard,Bastos2012-vllm-deepread_compressed.md,,,,,,,
Keller2018,LO,LO-F32,0.6,0.65,0.05,Standard,Keller2018-vllm-deepread_compressed.md,,,,,,,
Spratling2008,GO,GO-F26,0.6,0.65,0.05,Standard,Spratling2008-vllm-deepread_compressed.md,,,,,,,
Bekinschtein2009,LO,LO-F06,0.6,0.55,0.05,Standard,Bekinschtein2009-vllm-deepread_compressed.md,,,,,,,
Bastos2020,LO,LO-F26,0.6,0.65,0.05,Standard,Bastos2020-vllm-deepread_compressed.md,,,,,,,
Keller2018,GO,GO-F13,0.6,0.65,0.05,Standard,Keller2018-vllm-deepread_compressed.md,,,,,,,
Friston2010,LO,LO-F31,0.6,0.55,0.05,Standard,Friston2010-vllm-deepread_compressed.md,,,,,,,
Keller2018,GO,GO-F26,0.6,0.55,0.05,Standard,Keller2018-vllm-deepread_compressed.md,,,,,,,
Spratling2008,GO,GO-F03,0.2,0.25,0.05,Standard,Spratling2008-vllm-deepread_compressed.md,,,,,,,
VanDerveer2021,LO,LO-F31,0.6,0.65,0.05,Standard,VanDerveer2021-vllm-deepread_compressed.md,,,,,,,
VanDerveer2021,LO,LO-F32,0.6,0.55,0.05,Standard,VanDerveer2021-vllm-deepread_compressed.md,,,,,,,
Sacramento2018,GO,GO-F34,0.6,0.55,0.05,Standard,Sacramento2018-vllm-deepread_compressed.md,,,,,,,
Kiebel2008,GO,GO-F17,0.6,0.65,0.05,Standard,Kiebel2008-vllm-deepread_compressed.md,,,,,,,
Wacongne2011,GO,GO-F13,0.6,0.64,0.04,Standard,Wacongne2011-vllm-deepread_compressed.md,,,,,,,
VanDerveer2021,LO,LO-F08,0.6,0.56,0.04,Standard,VanDerveer2021-vllm-deepread_compressed.md,,,,,,,
Bastos2012,LO,LO-F01,0.6,0.64,0.04,Standard,Bastos2012-vllm-deepread_compressed.md,,,,,,,
Keller2012,GO,GO-F12,0.6,0.64,0.04,Standard,Keller2012-vllm-deepread_compressed.md,,,,,,,
Rao2024,GO,GO-F13,0.6,0.633,0.033,Standard,Rao2024-vllm-deepread_compressed.md,,,,,,,
VanDerveer2021,GO,GO-F29,0.6,0.567,0.033,Standard,VanDerveer2021-vllm-deepread_compressed.md,,,,,,,
Bastos2012,GO,GO-F32,0.6,0.567,0.033,Standard,Bastos2012-vllm-deepread_compressed.md,,,,,,,
Kiebel2008,GO,GO-F18,0.6,0.567,0.033,Standard,Kiebel2008-vllm-deepread_compressed.md,,,,,,,
Bastos2020,LO,LO-F04,0.2,0.233,0.033,Standard,Bastos2020-vllm-deepread_compressed.md,,,,,,,
Bastos2012,LO,LO-F29,0.6,0.567,0.033,Standard,Bastos2012-vllm-deepread_compressed.md,,,,,,,
LaoRodriguez2023,GO,GO-F32,0.6,0.567,0.033,Standard,LaoRodriguez2023-vllm-deepread_compressed.md,,,,,,,
Mikulasch2023,LO,LO-F31,0.6,0.567,0.033,Standard,Mikulasch2023-vllm-deepread_compressed.md,,,,,,,
Keller2018,GO,GO-F11,0.6,0.633,0.033,Standard,Keller2018-vllm-deepread_compressed.md,,,,,,,
Rao2024,GO,GO-F19,0.6,0.567,0.033,Standard,Rao2024-vllm-deepread_compressed.md,,,,,,,
Rao2024,GO,GO-F06,0.6,0.633,0.033,Standard,Rao2024-vllm-deepread_compressed.md,,,,,,,
Bastos2012,GO,GO-F29,0.6,0.567,0.033,Standard,Bastos2012-vllm-deepread_compressed.md,,,,,,,
Garret2020,GO,GO-F01,0.2,0.167,0.033,Standard,Garret2020-vllm-deepread_compressed.md,,,,,,,
LeeMejias2025,GO,GO-F17,0.6,0.567,0.033,Standard,LeeMejias2025-vllm-deepread_compressed.md,,,,,,,
VanDerveer2021,GO,GO-F32,0.6,0.633,0.033,Standard,VanDerveer2021-vllm-deepread_compressed.md,,,,,,,
Furutachi2024,GO,GO-F23,-0.2,-0.167,0.033,Standard,Furutachi2024-vllm-deepread_compressed.md,,,,,,,
Rao2024,LO,LO-F19,0.6,0.567,0.033,Standard,Rao2024-vllm-deepread_compressed.md,,,,,,,
Furutachi2024,LO,LO-F10,0.6,0.625,0.025,Standard,Furutachi2024-vllm-deepread_compressed.md,,,,,,,
Spratling2008,LO,LO-F02,0.6,0.625,0.025,Standard,Spratling2008-vllm-deepread_compressed.md,,,,,,,
Bastos2020,LO,LO-F25,0.6,0.575,0.025,Standard,Bastos2020-vllm-deepread_compressed.md,,,,,,,
LeeMejias2025,GO,GO-F07,0.6,0.575,0.025,Standard,LeeMejias2025-vllm-deepread_compressed.md,,,,,,,
Keller2018,GO,GO-F10,0.6,0.575,0.025,Standard,Keller2018-vllm-deepread_compressed.md,,,,,,,
Keller2018,LO,LO-F31,0.6,0.625,0.025,Standard,Keller2018-vllm-deepread_compressed.md,,,,,,,
Spratling2010,GO,GO-F07,0.6,0.62,0.02,Standard,Spratling2010-vllm-deepread_compressed.md,,,,,,,
Mikulasch2023,LO,LO-F10,0.6,0.58,0.02,Standard,Mikulasch2023-vllm-deepread_compressed.md,,,,,,,
Friston2010,GO,GO-F27,0.6,0.62,0.02,Standard,Friston2010-vllm-deepread_compressed.md,,,,,,,
Keller2018,LO,LO-F10,0.6,0.62,0.02,Standard,Keller2018-vllm-deepread_compressed.md,,,,,,,
Spratling2008,LO,LO-F10,0.6,0.58,0.02,Standard,Spratling2008-vllm-deepread_compressed.md,,,,,,,
Garret2020,LO,LO-F06,0.6,0.62,0.02,Standard,Garret2020-vllm-deepread_compressed.md,,,,,,,
Mikulasch2023,LO,LO-F01,0.6,0.58,0.02,Standard,Mikulasch2023-vllm-deepread_compressed.md,,,,,,,
VanDerveer2021,GO,GO-F03,0.6,0.62,0.02,Standard,VanDerveer2021-vllm-deepread_compressed.md,,,,,,,
VanDerveer2021,LO,LO-F03,0.6,0.62,0.02,Standard,VanDerveer2021-vllm-deepread_compressed.md,,,,,,,
Kiebel2008,GO,GO-F10,0.6,0.583,0.017,Standard,Kiebel2008-vllm-deepread_compressed.md,,,,,,,
LeeMejias2025,LO,LO-F21,0.6,0.617,0.017,Standard,LeeMejias2025-vllm-deepread_compressed.md,,,,,,,
Kiebel2008,GO,GO-F06,0.6,0.586,0.014,Standard,Kiebel2008-vllm-deepread_compressed.md,,,,,,,
Wacongne2011,LO,LO-F30,0.2,0.2,0.0,Standard,Wacongne2011-vllm-deepread_compressed.md,,,,,,,
Payeur2021,GO,GO-F34,0.6,0.6,0.0,Standard,Payeur2021-vllm-deepread_compressed.md,,,,,,,
LeeMejias2025,GO,GO-F35,0.6,0.6,0.0,Standard,LeeMejias2025-vllm-deepread_compressed.md,,,,,,,
Wacongne2011,LO,LO-F22,0.6,0.6,0.0,Standard,Wacongne2011-vllm-deepread_compressed.md,,,,,,,
Friston2010,LO,LO-F30,0.6,0.6,0.0,Standard,Friston2010-vllm-deepread_compressed.md,,,,,,,
Bakhtiari2021,GO,GO-F34,0.2,0.2,0.0,Standard,Bakhtiari2021-vllm-deepread_compressed.md,,,,,,,
Mikulasch2023,LO,LO-F12,0.6,0.6,0.0,Standard,Mikulasch2023-vllm-deepread_compressed.md,,,,,,,
Bakhtiari2021,LO,LO-F34,0.2,0.2,0.0,Standard,Bakhtiari2021-vllm-deepread_compressed.md,,,,,,,
Payeur2021,GO,GO-F09,0.2,0.2,0.0,Standard,Payeur2021-vllm-deepread_compressed.md,,,,,,,
Mikulasch2023,LO,LO-F32,0.6,0.6,0.0,Standard,Mikulasch2023-vllm-deepread_compressed.md,,,,,,,
Mikulasch2023,GO,GO-F01,0.6,0.6,0.0,Standard,Mikulasch2023-vllm-deepread_compressed.md,,,,,,,
Payeur2021,LO,LO-F34,0.6,0.6,0.0,Standard,Payeur2021-vllm-deepread_compressed.md,,,,,,,
Wacongne2011,GO,GO-F30,0.2,0.2,0.0,Standard,Wacongne2011-vllm-deepread_compressed.md,,,,,,,
Payeur2021,LO,LO-F27,0.6,0.6,0.0,Standard,Payeur2021-vllm-deepread_compressed.md,,,,,,,
Payeur2021,LO,LO-F26,0.6,0.6,0.0,Standard,Payeur2021-vllm-deepread_compressed.md,,,,,,,
Yamins2014,LO,LO-F30,0.2,0.2,0.0,Standard,Yamins2014-vllm-deepread_compressed.md,,,,,,,
Yamins2014,LO,LO-F34,0.2,0.2,0.0,Standard,Yamins2014-vllm-deepread_compressed.md,,,,,,,
Nejad2025,LO,LO-F07,0.6,0.6,0.0,Standard,Nejad2025-vllm-deepread_compressed.md,,,,,,,
Yamins2014,GO,GO-F30,0.2,0.2,0.0,Standard,Yamins2014-vllm-deepread_compressed.md,,,,,,,
Mikulasch2023,LO,LO-F13,0.6,0.6,0.0,Standard,Mikulasch2023-vllm-deepread_compressed.md,,,,,,,
LaoRodriguez2023,LO,LO-F30,0.2,0.2,0.0,Standard,LaoRodriguez2023-vllm-deepread_compressed.md,,,,,,,
LeeMejias2025,LO,LO-F35,0.6,0.6,0.0,Standard,LeeMejias2025-vllm-deepread_compressed.md,,,,,,,
Keller2018,GO,GO-F32,0.6,0.6,0.0,Standard,Keller2018-vllm-deepread_compressed.md,,,,,,,
Greedy2022,LO,LO-F26,0.6,0.6,0.0,Standard,Greedy2022-vllm-deepread_compressed.md,,,,,,,
VanDerveer2021,LO,LO-F07,0.2,0.2,0.0,Standard,VanDerveer2021-vllm-deepread_compressed.md,,,,,,,
Greedy2022,LO,LO-F27,0.6,0.6,0.0,Standard,Greedy2022-vllm-deepread_compressed.md,,,,,,,
Greedy2022,GO,GO-F01,0.2,0.2,0.0,Standard,Greedy2022-vllm-deepread_compressed.md,,,,,,,
Greedy2022,GO,GO-F26,0.6,0.6,0.0,Standard,Greedy2022-vllm-deepread_compressed.md,,,,,,,
Keller2012,LO,LO-F33,0.2,0.2,0.0,Standard,Keller2012-vllm-deepread_compressed.md,,,,,,,
Nejad2025,GO,GO-F07,0.6,0.6,0.0,Standard,Nejad2025-vllm-deepread_compressed.md,,,,,,,
Bastos2020,GO,GO-F26,0.6,0.6,0.0,Standard,Bastos2020-vllm-deepread_compressed.md,,,,,,,
Bastos2020,GO,GO-F25,0.6,0.6,0.0,Standard,Bastos2020-vllm-deepread_compressed.md,,,,,,,
Spratling2008,GO,GO-F21,0.6,0.6,0.0,Standard,Spratling2008-vllm-deepread_compressed.md,,,,,,,
VanDerveer2021,LO,LO-F29,0.6,0.6,0.0,Standard,VanDerveer2021-vllm-deepread_compressed.md,,,,,,,
Bastos2012,LO,LO-F31,0.6,0.6,0.0,Standard,Bastos2012-vllm-deepread_compressed.md,,,,,,,
VanDerveer2021,LO,LO-F30,0.6,0.6,0.0,Standard,VanDerveer2021-vllm-deepread_compressed.md,,,,,,,
Kiebel2008,LO,LO-F30,0.6,0.6,0.0,Standard,Kiebel2008-vllm-deepread_compressed.md,,,,,,,
Spratling2008,LO,LO-F03,0.2,0.2,0.0,Standard,Spratling2008-vllm-deepread_compressed.md,,,,,,,
Bastos2012,GO,GO-F31,0.6,0.6,0.0,Standard,Bastos2012-vllm-deepread_compressed.md,,,,,,,
Sacramento2018,GO,GO-F13,-0.2,-0.2,0.0,Standard,Sacramento2018-vllm-deepread_compressed.md,,,,,,,
Kiebel2008,GO,GO-F30,0.6,0.6,0.0,Standard,Kiebel2008-vllm-deepread_compressed.md,,,,,,,
Bastos2012,GO,GO-F21,0.6,0.6,0.0,Standard,Bastos2012-vllm-deepread_compressed.md,,,,,,,
LeeMejias2025,LO,LO-F07,0.6,0.6,0.0,Standard,LeeMejias2025-vllm-deepread_compressed.md,,,,,,,
Bastos2012,LO,LO-F32,0.6,0.6,0.0,Standard,Bastos2012-vllm-deepread_compressed.md,,,,,,,
VanDerveer2021,GO,GO-F34,0.6,0.6,0.0,Standard,VanDerveer2021-vllm-deepread_compressed.md,,,,,,,
Yamins2014,GO,GO-F34,0.2,0.2,0.0,Standard,Yamins2014-vllm-deepread_compressed.md,,,,,,,
